scene,method,condition,split_name,status,returncode,source_path,model_path,iterations,resolution,runtime_sec,num_images,initial_points,metric_iteration,train_l1,train_psnr,saved_point_cloud,point_cloud_bytes,log_path,num_test_images,eval_psnr,eval_ssim,eval_lpips,metrics_summary,per_view_csv
tandt/train,3dgs_degraded,jpeg_q20,5views_uniform,success,0,datasets\degraded_scenes\jpeg_q20\tandt\train\5views_uniform,results\method_outputs\tandt\train\3dgs_degraded\jpeg_q20\5views_uniform,3000,4,27.247752900000705,5,19876,3000,0.006315239705145359,39.959938049316406,results\method_outputs\tandt\train\3dgs_degraded\jpeg_q20\5views_uniform\point_cloud\iteration_3000\point_cloud.ply,39837523,results\method_outputs\tandt\train\3dgs_degraded\jpeg_q20\5views_uniform\train_console.log,20,13.020258075130457,0.3105026178061962,0.5424762785434722,,results\method_outputs\tandt\train\3dgs_degraded\jpeg_q20\5views_uniform\test\ours_3000\metrics_per_view.csv
tandt/train,3dgs_degraded,jpeg_q20,5views_random,success,0,datasets\degraded_scenes\jpeg_q20\tandt\train\5views_random,results\method_outputs\tandt\train\3dgs_degraded\jpeg_q20\5views_random,3000,4,23.14187739999943,5,22172,3000,0.005612103268504143,40.62086486816406,results\method_outputs\tandt\train\3dgs_degraded\jpeg_q20\5views_random\point_cloud\iteration_3000\point_cloud.ply,47534699,results\method_outputs\tandt\train\3dgs_degraded\jpeg_q20\5views_random\train_console.log,20,11.75526553188258,0.28588250316679475,0.5486639603972435,,results\method_outputs\tandt\train\3dgs_degraded\jpeg_q20\5views_random\test\ours_3000\metrics_per_view.csv
tandt/train,3dgs_degraded,jpeg_q20,5views_quality,success,0,datasets\degraded_scenes\jpeg_q20\tandt\train\5views_quality,results\method_outputs\tandt\train\3dgs_degraded\jpeg_q20\5views_quality,3000,4,24.843883200001073,5,10707,3000,0.009582492522895336,36.67534255981445,results\method_outputs\tandt\train\3dgs_degraded\jpeg_q20\5views_quality\point_cloud\iteration_3000\point_cloud.ply,45401651,results\method_outputs\tandt\train\3dgs_degraded\jpeg_q20\5views_quality\train_console.log,20,10.49734404091353,0.2066186934709549,0.6321162268519401,,results\method_outputs\tandt\train\3dgs_degraded\jpeg_q20\5views_quality\test\ours_3000\metrics_per_view.csv
tandt/train,3dgs_degraded,jpeg_q20,5views_quality_diverse,success,0,datasets\degraded_scenes\jpeg_q20\tandt\train\5views_quality_diverse,results\method_outputs\tandt\train\3dgs_degraded\jpeg_q20\5views_quality_diverse,3000,4,43.45547129999977,5,19357,3000,0.006225211545825005,38.584468841552734,results\method_outputs\tandt\train\3dgs_degraded\jpeg_q20\5views_quality_diverse\point_cloud\iteration_3000\point_cloud.ply,46811283,results\method_outputs\tandt\train\3dgs_degraded\jpeg_q20\5views_quality_diverse\train_console.log,20,12.683622579227173,0.29492922835052016,0.5527010858058929,,results\method_outputs\tandt\train\3dgs_degraded\jpeg_q20\5views_quality_diverse\test\ours_3000\metrics_per_view.csv
tandt/train,3dgs_degraded,blur_k15,5views_uniform,success,0,datasets\degraded_scenes\blur_k15\tandt\train\5views_uniform,results\method_outputs\tandt\train\3dgs_degraded\blur_k15\5views_uniform,3000,4,50.62656160000006,5,19876,3000,0.003928285092115402,44.04216766357422,results\method_outputs\tandt\train\3dgs_degraded\blur_k15\5views_uniform\point_cloud\iteration_3000\point_cloud.ply,22283586,results\method_outputs\tandt\train\3dgs_degraded\blur_k15\5views_uniform\train_console.log,20,13.296865674834857,0.3299577720463276,0.5632260046899319,,results\method_outputs\tandt\train\3dgs_degraded\blur_k15\5views_uniform\test\ours_3000\metrics_per_view.csv
tandt/train,3dgs_degraded,blur_k15,5views_random,success,0,datasets\degraded_scenes\blur_k15\tandt\train\5views_random,results\method_outputs\tandt\train\3dgs_degraded\blur_k15\5views_random,3000,4,44.501592900000105,5,22172,3000,0.003857392119243741,44.337013244628906,results\method_outputs\tandt\train\3dgs_degraded\blur_k15\5views_random\point_cloud\iteration_3000\point_cloud.ply,26456683,results\method_outputs\tandt\train\3dgs_degraded\blur_k15\5views_random\train_console.log,20,12.158060898293707,0.301226294413209,0.5735950648784638,,results\method_outputs\tandt\train\3dgs_degraded\blur_k15\5views_random\test\ours_3000\metrics_per_view.csv
tandt/train,3dgs_degraded,blur_k15,5views_quality,success,0,datasets\degraded_scenes\blur_k15\tandt\train\5views_quality,results\method_outputs\tandt\train\3dgs_degraded\blur_k15\5views_quality,3000,4,54.31330170000001,5,10707,3000,0.004598993342369795,43.1314697265625,results\method_outputs\tandt\train\3dgs_degraded\blur_k15\5views_quality\point_cloud\iteration_3000\point_cloud.ply,23896826,results\method_outputs\tandt\train\3dgs_degraded\blur_k15\5views_quality\train_console.log,20,10.979880579305762,0.23124120831489564,0.6349966451525688,,results\method_outputs\tandt\train\3dgs_degraded\blur_k15\5views_quality\test\ours_3000\metrics_per_view.csv
tandt/train,3dgs_degraded,blur_k15,5views_quality_diverse,success,0,datasets\degraded_scenes\blur_k15\tandt\train\5views_quality_diverse,results\method_outputs\tandt\train\3dgs_degraded\blur_k15\5views_quality_diverse,3000,4,66.5224918999993,5,19357,3000,0.0037884043995290995,43.170284271240234,results\method_outputs\tandt\train\3dgs_degraded\blur_k15\5views_quality_diverse\point_cloud\iteration_3000\point_cloud.ply,27696931,results\method_outputs\tandt\train\3dgs_degraded\blur_k15\5views_quality_diverse\train_console.log,20,13.014851574927235,0.3254385910928249,0.5753535747528076,,results\method_outputs\tandt\train\3dgs_degraded\blur_k15\5views_quality_diverse\test\ours_3000\metrics_per_view.csv
tandt/train,3dgs_degraded,lowres_50,5views_uniform,success,0,datasets\degraded_scenes\lowres_50\tandt\train\5views_uniform,results\method_outputs\tandt\train\3dgs_degraded\lowres_50\5views_uniform,3000,4,87.33874169999945,5,19876,3000,0.004840424750000238,41.516475677490234,results\method_outputs\tandt\train\3dgs_degraded\lowres_50\5views_uniform\point_cloud\iteration_3000\point_cloud.ply,33742675,results\method_outputs\tandt\train\3dgs_degraded\lowres_50\5views_uniform\train_console.log,20,13.32341887174068,0.3333140842616558,0.5285343630239367,,results\method_outputs\tandt\train\3dgs_degraded\lowres_50\5views_uniform\test\ours_3000\metrics_per_view.csv
tandt/train,3dgs_degraded,lowres_50,5views_random,success,0,datasets\degraded_scenes\lowres_50\tandt\train\5views_random,results\method_outputs\tandt\train\3dgs_degraded\lowres_50\5views_random,3000,4,77.08472039999833,5,22172,3000,0.004740078467875719,42.115753173828125,results\method_outputs\tandt\train\3dgs_degraded\lowres_50\5views_random\point_cloud\iteration_3000\point_cloud.ply,40252179,results\method_outputs\tandt\train\3dgs_degraded\lowres_50\5views_random\train_console.log,20,11.894950502913222,0.3047751221805811,0.5415111109614372,,results\method_outputs\tandt\train\3dgs_degraded\lowres_50\5views_random\test\ours_3000\metrics_per_view.csv
tandt/train,3dgs_degraded,lowres_50,5views_quality,success,0,datasets\degraded_scenes\lowres_50\tandt\train\5views_quality,results\method_outputs\tandt\train\3dgs_degraded\lowres_50\5views_quality,3000,4,79.74924110000029,5,10707,3000,0.006655543576925993,40.116188049316406,results\method_outputs\tandt\train\3dgs_degraded\lowres_50\5views_quality\point_cloud\iteration_3000\point_cloud.ply,36798035,results\method_outputs\tandt\train\3dgs_degraded\lowres_50\5views_quality\train_console.log,20,11.15467005836077,0.23597375005483628,0.6136485725641251,,results\method_outputs\tandt\train\3dgs_degraded\lowres_50\5views_quality\test\ours_3000\metrics_per_view.csv
tandt/train,3dgs_degraded,lowres_50,5views_quality_diverse,success,0,datasets\degraded_scenes\lowres_50\tandt\train\5views_quality_diverse,results\method_outputs\tandt\train\3dgs_degraded\lowres_50\5views_quality_diverse,3000,4,84.60767130000022,5,19357,3000,0.0054248785600066185,39.52568054199219,results\method_outputs\tandt\train\3dgs_degraded\lowres_50\5views_quality_diverse\point_cloud\iteration_3000\point_cloud.ply,40249203,results\method_outputs\tandt\train\3dgs_degraded\lowres_50\5views_quality_diverse\train_console.log,20,13.062876138773504,0.32185286432504656,0.5406770020723343,,results\method_outputs\tandt\train\3dgs_degraded\lowres_50\5views_quality_diverse\test\ours_3000\metrics_per_view.csv
tandt/train,3dgs_degraded,under_0.6,5views_uniform,success,0,datasets\degraded_scenes\under_0.6\tandt\train\5views_uniform,results\method_outputs\tandt\train\3dgs_degraded\under_0.6\5views_uniform,3000,4,89.4582864999993,5,19876,3000,0.004576909355819225,43.01156234741211,results\method_outputs\tandt\train\3dgs_degraded\under_0.6\5views_uniform\point_cloud\iteration_3000\point_cloud.ply,26460651,results\method_outputs\tandt\train\3dgs_degraded\under_0.6\5views_uniform\train_console.log,20,10.972337035381269,0.29934702813625336,0.5388748254626989,,results\method_outputs\tandt\train\3dgs_degraded\under_0.6\5views_uniform\test\ours_3000\metrics_per_view.csv
tandt/train,3dgs_degraded,under_0.6,5views_random,success,0,datasets\degraded_scenes\under_0.6\tandt\train\5views_random,results\method_outputs\tandt\train\3dgs_degraded\under_0.6\5views_random,3000,4,64.80784689999928,5,22172,3000,0.0036675247829407454,44.62543869018555,results\method_outputs\tandt\train\3dgs_degraded\under_0.6\5views_random\point_cloud\iteration_3000\point_cloud.ply,29897435,results\method_outputs\tandt\train\3dgs_degraded\under_0.6\5views_random\train_console.log,20,10.159222349850776,0.2868462987244129,0.5481529846787453,,results\method_outputs\tandt\train\3dgs_degraded\under_0.6\5views_random\test\ours_3000\metrics_per_view.csv
tandt/train,3dgs_degraded,under_0.6,5views_quality,success,0,datasets\degraded_scenes\under_0.6\tandt\train\5views_quality,results\method_outputs\tandt\train\3dgs_degraded\under_0.6\5views_quality,3000,4,78.38250900000094,5,10707,3000,0.004844751674681902,42.432308197021484,results\method_outputs\tandt\train\3dgs_degraded\under_0.6\5views_quality\point_cloud\iteration_3000\point_cloud.ply,29541059,results\method_outputs\tandt\train\3dgs_degraded\under_0.6\5views_quality\train_console.log,20,9.464261551459083,0.21852367222309113,0.6265179231762886,,results\method_outputs\tandt\train\3dgs_degraded\under_0.6\5views_quality\test\ours_3000\metrics_per_view.csv
tandt/train,3dgs_degraded,under_0.6,5views_quality_diverse,success,0,datasets\degraded_scenes\under_0.6\tandt\train\5views_quality_diverse,results\method_outputs\tandt\train\3dgs_degraded\under_0.6\5views_quality_diverse,3000,4,87.27592279999953,5,19357,3000,0.00448001641780138,42.05568313598633,results\method_outputs\tandt\train\3dgs_degraded\under_0.6\5views_quality_diverse\point_cloud\iteration_3000\point_cloud.ply,30114683,results\method_outputs\tandt\train\3dgs_degraded\under_0.6\5views_quality_diverse\train_console.log,20,10.460664347609669,0.27778267301619053,0.5649358749389648,,results\method_outputs\tandt\train\3dgs_degraded\under_0.6\5views_quality_diverse\test\ours_3000\metrics_per_view.csv
tandt/truck,3dgs_degraded,jpeg_q20,5views_uniform,success,0,datasets\degraded_scenes\jpeg_q20\tandt\truck\5views_uniform,results\method_outputs\tandt\truck\3dgs_degraded\jpeg_q20\5views_uniform,3000,4,100.38350679999894,5,18790,3000,0.003589725587517023,44.63434600830078,results\method_outputs\tandt\truck\3dgs_degraded\jpeg_q20\5views_uniform\point_cloud\iteration_3000\point_cloud.ply,52376403,results\method_outputs\tandt\truck\3dgs_degraded\jpeg_q20\5views_uniform\train_console.log,20,14.861111901462726,0.4420136146247387,0.4280315816402435,,results\method_outputs\tandt\truck\3dgs_degraded\jpeg_q20\5views_uniform\test\ours_3000\metrics_per_view.csv
tandt/truck,3dgs_degraded,jpeg_q20,5views_random,success,0,datasets\degraded_scenes\jpeg_q20\tandt\truck\5views_random,results\method_outputs\tandt\truck\3dgs_degraded\jpeg_q20\5views_random,3000,4,92.08346079999865,5,19208,3000,0.004427460487931967,42.85765075683594,results\method_outputs\tandt\truck\3dgs_degraded\jpeg_q20\5views_random\point_cloud\iteration_3000\point_cloud.ply,39993515,results\method_outputs\tandt\truck\3dgs_degraded\jpeg_q20\5views_random\train_console.log,20,14.529000935080148,0.4308584064245224,0.43981237933039663,,results\method_outputs\tandt\truck\3dgs_degraded\jpeg_q20\5views_random\test\ours_3000\metrics_per_view.csv
tandt/truck,3dgs_degraded,jpeg_q20,5views_quality,success,0,datasets\degraded_scenes\jpeg_q20\tandt\truck\5views_quality,results\method_outputs\tandt\truck\3dgs_degraded\jpeg_q20\5views_quality,3000,4,84.89475360000142,5,10313,3000,0.006602392066270113,38.592750549316406,results\method_outputs\tandt\truck\3dgs_degraded\jpeg_q20\5views_quality\point_cloud\iteration_3000\point_cloud.ply,34020931,results\method_outputs\tandt\truck\3dgs_degraded\jpeg_q20\5views_quality\train_console.log,20,10.682084524580443,0.24481431283056737,0.5809551611542701,,results\method_outputs\tandt\truck\3dgs_degraded\jpeg_q20\5views_quality\test\ours_3000\metrics_per_view.csv
tandt/truck,3dgs_degraded,jpeg_q20,5views_quality_diverse,success,0,datasets\degraded_scenes\jpeg_q20\tandt\truck\5views_quality_diverse,results\method_outputs\tandt\truck\3dgs_degraded\jpeg_q20\5views_quality_diverse,3000,4,104.77781910000158,5,18766,3000,0.0046753534115850925,42.678199768066406,results\method_outputs\tandt\truck\3dgs_degraded\jpeg_q20\5views_quality_diverse\point_cloud\iteration_3000\point_cloud.ply,55448875,results\method_outputs\tandt\truck\3dgs_degraded\jpeg_q20\5views_quality_diverse\train_console.log,20,13.78673676131308,0.37501010075211527,0.4660405069589615,,results\method_outputs\tandt\truck\3dgs_degraded\jpeg_q20\5views_quality_diverse\test\ours_3000\metrics_per_view.csv
tandt/truck,3dgs_degraded,blur_k15,5views_uniform,success,0,datasets\degraded_scenes\blur_k15\tandt\truck\5views_uniform,results\method_outputs\tandt\truck\3dgs_degraded\blur_k15\5views_uniform,3000,4,75.55809600000066,5,18790,3000,0.002580468775704503,48.05271530151367,results\method_outputs\tandt\truck\3dgs_degraded\blur_k15\5views_uniform\point_cloud\iteration_3000\point_cloud.ply,28307259,results\method_outputs\tandt\truck\3dgs_degraded\blur_k15\5views_uniform\train_console.log,20,15.61251801619411,0.4541552595794201,0.4602040030062199,,results\method_outputs\tandt\truck\3dgs_degraded\blur_k15\5views_uniform\test\ours_3000\metrics_per_view.csv
tandt/truck,3dgs_degraded,blur_k15,5views_random,success,0,datasets\degraded_scenes\blur_k15\tandt\truck\5views_random,results\method_outputs\tandt\truck\3dgs_degraded\blur_k15\5views_random,3000,4,72.7561853999996,5,19208,3000,0.0029345816001296043,47.32966232299805,results\method_outputs\tandt\truck\3dgs_degraded\blur_k15\5views_random\point_cloud\iteration_3000\point_cloud.ply,22069066,results\method_outputs\tandt\truck\3dgs_degraded\blur_k15\5views_random\train_console.log,20,15.007610816561424,0.4516191430389881,0.4634019620716572,,results\method_outputs\tandt\truck\3dgs_degraded\blur_k15\5views_random\test\ours_3000\metrics_per_view.csv
tandt/truck,3dgs_degraded,blur_k15,5views_quality,success,0,datasets\degraded_scenes\blur_k15\tandt\truck\5views_quality,results\method_outputs\tandt\truck\3dgs_degraded\blur_k15\5views_quality,3000,4,76.04569470000024,5,10313,3000,0.0036519255954772234,44.6237907409668,results\method_outputs\tandt\truck\3dgs_degraded\blur_k15\5views_quality\point_cloud\iteration_3000\point_cloud.ply,18397674,results\method_outputs\tandt\truck\3dgs_degraded\blur_k15\5views_quality\train_console.log,20,11.404859695456967,0.2734610717743635,0.5782127931714058,,results\method_outputs\tandt\truck\3dgs_degraded\blur_k15\5views_quality\test\ours_3000\metrics_per_view.csv
tandt/truck,3dgs_degraded,blur_k15,5views_quality_diverse,success,0,datasets\degraded_scenes\blur_k15\tandt\truck\5views_quality_diverse,results\method_outputs\tandt\truck\3dgs_degraded\blur_k15\5views_quality_diverse,3000,4,83.51840009999978,5,18766,3000,0.0035223537124693394,45.23193359375,results\method_outputs\tandt\truck\3dgs_degraded\blur_k15\5views_quality_diverse\point_cloud\iteration_3000\point_cloud.ply,29709947,results\method_outputs\tandt\truck\3dgs_degraded\blur_k15\5views_quality_diverse\train_console.log,20,14.374082434640368,0.3976904235780239,0.4887214839458466,,results\method_outputs\tandt\truck\3dgs_degraded\blur_k15\5views_quality_diverse\test\ours_3000\metrics_per_view.csv
tandt/truck,3dgs_degraded,lowres_50,5views_uniform,success,0,datasets\degraded_scenes\lowres_50\tandt\truck\5views_uniform,results\method_outputs\tandt\truck\3dgs_degraded\lowres_50\5views_uniform,3000,4,89.20326649999879,5,18790,3000,0.0031475627329200506,46.18268585205078,results\method_outputs\tandt\truck\3dgs_degraded\lowres_50\5views_uniform\point_cloud\iteration_3000\point_cloud.ply,44046827,results\method_outputs\tandt\truck\3dgs_degraded\lowres_50\5views_uniform\train_console.log,20,15.167250228511927,0.46362459659576416,0.41932223848998545,,results\method_outputs\tandt\truck\3dgs_degraded\lowres_50\5views_uniform\test\ours_3000\metrics_per_view.csv
tandt/truck,3dgs_degraded,lowres_50,5views_random,success,0,datasets\degraded_scenes\lowres_50\tandt\truck\5views_random,results\method_outputs\tandt\truck\3dgs_degraded\lowres_50\5views_random,3000,4,91.81287460000021,5,19208,3000,0.003651947481557727,44.95629119873047,results\method_outputs\tandt\truck\3dgs_degraded\lowres_50\5views_random\point_cloud\iteration_3000\point_cloud.ply,34272403,results\method_outputs\tandt\truck\3dgs_degraded\lowres_50\5views_random\train_console.log,20,14.784387138264,0.46031940057873727,0.42677256241440775,,results\method_outputs\tandt\truck\3dgs_degraded\lowres_50\5views_random\test\ours_3000\metrics_per_view.csv
tandt/truck,3dgs_degraded,lowres_50,5views_quality,success,0,datasets\degraded_scenes\lowres_50\tandt\truck\5views_quality,results\method_outputs\tandt\truck\3dgs_degraded\lowres_50\5views_quality,3000,4,79.69874130000062,5,10313,3000,0.00438427971675992,41.92963790893555,results\method_outputs\tandt\truck\3dgs_degraded\lowres_50\5views_quality\point_cloud\iteration_3000\point_cloud.ply,27514155,results\method_outputs\tandt\truck\3dgs_degraded\lowres_50\5views_quality\train_console.log,20,10.867585000892156,0.2759149059653282,0.5723777502775192,,results\method_outputs\tandt\truck\3dgs_degraded\lowres_50\5views_quality\test\ours_3000\metrics_per_view.csv
tandt/truck,3dgs_degraded,lowres_50,5views_quality_diverse,success,0,datasets\degraded_scenes\lowres_50\tandt\truck\5views_quality_diverse,results\method_outputs\tandt\truck\3dgs_degraded\lowres_50\5views_quality_diverse,3000,4,91.36589359999925,5,18766,3000,0.004196335095912218,43.6517448425293,results\method_outputs\tandt\truck\3dgs_degraded\lowres_50\5views_quality_diverse\point_cloud\iteration_3000\point_cloud.ply,47311003,results\method_outputs\tandt\truck\3dgs_degraded\lowres_50\5views_quality_diverse\train_console.log,20,13.998026273649211,0.3976203195750713,0.4564877301454544,,results\method_outputs\tandt\truck\3dgs_degraded\lowres_50\5views_quality_diverse\test\ours_3000\metrics_per_view.csv
tandt/truck,3dgs_degraded,under_0.6,5views_uniform,success,0,datasets\degraded_scenes\under_0.6\tandt\truck\5views_uniform,results\method_outputs\tandt\truck\3dgs_degraded\under_0.6\5views_uniform,3000,4,98.5139708000006,5,18790,3000,0.0025950782001018524,48.46178436279297,results\method_outputs\tandt\truck\3dgs_degraded\under_0.6\5views_uniform\point_cloud\iteration_3000\point_cloud.ply,34208171,results\method_outputs\tandt\truck\3dgs_degraded\under_0.6\5views_uniform\train_console.log,20,10.760309825627628,0.3737755760550499,0.455811283737421,,results\method_outputs\tandt\truck\3dgs_degraded\under_0.6\5views_uniform\test\ours_3000\metrics_per_view.csv
tandt/truck,3dgs_degraded,under_0.6,5views_random,success,0,datasets\degraded_scenes\under_0.6\tandt\truck\5views_random,results\method_outputs\tandt\truck\3dgs_degraded\under_0.6\5views_random,3000,4,101.04314569999951,5,19208,3000,0.0029548800084739923,47.18079376220703,results\method_outputs\tandt\truck\3dgs_degraded\under_0.6\5views_random\point_cloud\iteration_3000\point_cloud.ply,26543235,results\method_outputs\tandt\truck\3dgs_degraded\under_0.6\5views_random\train_console.log,20,9.861119468772635,0.3536745682358742,0.4645497269928455,,results\method_outputs\tandt\truck\3dgs_degraded\under_0.6\5views_random\test\ours_3000\metrics_per_view.csv
tandt/truck,3dgs_degraded,under_0.6,5views_quality,success,0,datasets\degraded_scenes\under_0.6\tandt\truck\5views_quality,results\method_outputs\tandt\truck\3dgs_degraded\under_0.6\5views_quality,3000,4,79.15173610000056,5,10313,3000,0.003618574235588312,44.08336639404297,results\method_outputs\tandt\truck\3dgs_degraded\under_0.6\5views_quality\point_cloud\iteration_3000\point_cloud.ply,22762970,results\method_outputs\tandt\truck\3dgs_degraded\under_0.6\5views_quality\train_console.log,20,8.1403312343446,0.19960471503436567,0.5890883289277553,,results\method_outputs\tandt\truck\3dgs_degraded\under_0.6\5views_quality\test\ours_3000\metrics_per_view.csv
tandt/truck,3dgs_degraded,under_0.6,5views_quality_diverse,success,0,datasets\degraded_scenes\under_0.6\tandt\truck\5views_quality_diverse,results\method_outputs\tandt\truck\3dgs_degraded\under_0.6\5views_quality_diverse,3000,4,82.90927399999964,5,18766,3000,0.0035030145663768053,45.63544845581055,results\method_outputs\tandt\truck\3dgs_degraded\under_0.6\5views_quality_diverse\point_cloud\iteration_3000\point_cloud.ply,36731819,results\method_outputs\tandt\truck\3dgs_degraded\under_0.6\5views_quality_diverse\train_console.log,20,10.02024880941137,0.3164938025176525,0.4985996976494789,,results\method_outputs\tandt\truck\3dgs_degraded\under_0.6\5views_quality_diverse\test\ours_3000\metrics_per_view.csv
db/drjohnson,3dgs_degraded,jpeg_q20,5views_uniform,success,0,datasets\degraded_scenes\jpeg_q20\db\drjohnson\5views_uniform,results\method_outputs\db\drjohnson\3dgs_degraded\jpeg_q20\5views_uniform,3000,4,117.24789559999954,5,7260,3000,0.0032470431178808212,45.49114227294922,results\method_outputs\db\drjohnson\3dgs_degraded\jpeg_q20\5views_uniform\point_cloud\iteration_3000\point_cloud.ply,77905771,results\method_outputs\db\drjohnson\3dgs_degraded\jpeg_q20\5views_uniform\train_console.log,20,12.500063764758895,0.2508170446380973,0.7046006292104721,,results\method_outputs\db\drjohnson\3dgs_degraded\jpeg_q20\5views_uniform\test\ours_3000\metrics_per_view.csv
db/drjohnson,3dgs_degraded,jpeg_q20,5views_random,success,0,datasets\degraded_scenes\jpeg_q20\db\drjohnson\5views_random,results\method_outputs\db\drjohnson\3dgs_degraded\jpeg_q20\5views_random,3000,4,106.61971890000132,5,5413,3000,0.003179901745170355,45.49811935424805,results\method_outputs\db\drjohnson\3dgs_degraded\jpeg_q20\5views_random\point_cloud\iteration_3000\point_cloud.ply,48890763,results\method_outputs\db\drjohnson\3dgs_degraded\jpeg_q20\5views_random\train_console.log,20,14.549011091913181,0.320700886414852,0.6570295363664627,,results\method_outputs\db\drjohnson\3dgs_degraded\jpeg_q20\5views_random\test\ours_3000\metrics_per_view.csv
db/drjohnson,3dgs_degraded,jpeg_q20,5views_quality,success,0,datasets\degraded_scenes\jpeg_q20\db\drjohnson\5views_quality,results\method_outputs\db\drjohnson\3dgs_degraded\jpeg_q20\5views_quality,3000,4,112.24385799999982,5,2834,3000,0.003921517636626959,44.263671875,results\method_outputs\db\drjohnson\3dgs_degraded\jpeg_q20\5views_quality\point_cloud\iteration_3000\point_cloud.ply,61446755,results\method_outputs\db\drjohnson\3dgs_degraded\jpeg_q20\5views_quality\train_console.log,20,10.422829988554794,0.11103523129131646,0.7273369461297989,,results\method_outputs\db\drjohnson\3dgs_degraded\jpeg_q20\5views_quality\test\ours_3000\metrics_per_view.csv
db/drjohnson,3dgs_degraded,jpeg_q20,5views_quality_diverse,success,0,datasets\degraded_scenes\jpeg_q20\db\drjohnson\5views_quality_diverse,results\method_outputs\db\drjohnson\3dgs_degraded\jpeg_q20\5views_quality_diverse,3000,4,131.63121470000078,5,6175,3000,0.004136529751121998,43.296424865722656,results\method_outputs\db\drjohnson\3dgs_degraded\jpeg_q20\5views_quality_diverse\point_cloud\iteration_3000\point_cloud.ply,58798115,results\method_outputs\db\drjohnson\3dgs_degraded\jpeg_q20\5views_quality_diverse\train_console.log,20,14.53985087661221,0.34447294324636457,0.6766136825084687,,results\method_outputs\db\drjohnson\3dgs_degraded\jpeg_q20\5views_quality_diverse\test\ours_3000\metrics_per_view.csv
db/drjohnson,3dgs_degraded,blur_k15,5views_uniform,success,0,datasets\degraded_scenes\blur_k15\db\drjohnson\5views_uniform,results\method_outputs\db\drjohnson\3dgs_degraded\blur_k15\5views_uniform,3000,4,112.84480330000042,5,7260,3000,0.00259141786955297,49.001792907714844,results\method_outputs\db\drjohnson\3dgs_degraded\blur_k15\5views_uniform\point_cloud\iteration_3000\point_cloud.ply,45253347,results\method_outputs\db\drjohnson\3dgs_degraded\blur_k15\5views_uniform\train_console.log,20,12.764113929250351,0.27091838140040636,0.7131143748760224,,results\method_outputs\db\drjohnson\3dgs_degraded\blur_k15\5views_uniform\test\ours_3000\metrics_per_view.csv
db/drjohnson,3dgs_degraded,blur_k15,5views_random,success,0,datasets\degraded_scenes\blur_k15\db\drjohnson\5views_random,results\method_outputs\db\drjohnson\3dgs_degraded\blur_k15\5views_random,3000,4,86.61087950000001,5,5413,3000,0.0025865184143185616,48.302120208740234,results\method_outputs\db\drjohnson\3dgs_degraded\blur_k15\5views_random\point_cloud\iteration_3000\point_cloud.ply,31502987,results\method_outputs\db\drjohnson\3dgs_degraded\blur_k15\5views_random\train_console.log,20,15.00581873465642,0.34969238797202706,0.6903781503438949,,results\method_outputs\db\drjohnson\3dgs_degraded\blur_k15\5views_random\test\ours_3000\metrics_per_view.csv
db/drjohnson,3dgs_degraded,blur_k15,5views_quality,success,0,datasets\degraded_scenes\blur_k15\db\drjohnson\5views_quality,results\method_outputs\db\drjohnson\3dgs_degraded\blur_k15\5views_quality,3000,4,98.45566719999988,5,2834,3000,0.003053824184462428,46.530574798583984,results\method_outputs\db\drjohnson\3dgs_degraded\blur_k15\5views_quality\point_cloud\iteration_3000\point_cloud.ply,39847443,results\method_outputs\db\drjohnson\3dgs_degraded\blur_k15\5views_quality\train_console.log,20,10.736606982543245,0.13261202987632714,0.7353016257286071,,results\method_outputs\db\drjohnson\3dgs_degraded\blur_k15\5views_quality\test\ours_3000\metrics_per_view.csv
db/drjohnson,3dgs_degraded,blur_k15,5views_quality_diverse,success,0,datasets\degraded_scenes\blur_k15\db\drjohnson\5views_quality_diverse,results\method_outputs\db\drjohnson\3dgs_degraded\blur_k15\5views_quality_diverse,3000,4,118.72048240000004,5,6175,3000,0.002888347255066037,46.7392578125,results\method_outputs\db\drjohnson\3dgs_degraded\blur_k15\5views_quality_diverse\point_cloud\iteration_3000\point_cloud.ply,37971323,results\method_outputs\db\drjohnson\3dgs_degraded\blur_k15\5views_quality_diverse\train_console.log,20,15.56768232466752,0.4175813764333725,0.6985287427902221,,results\method_outputs\db\drjohnson\3dgs_degraded\blur_k15\5views_quality_diverse\test\ours_3000\metrics_per_view.csv
db/drjohnson,3dgs_degraded,lowres_50,5views_uniform,success,0,datasets\degraded_scenes\lowres_50\db\drjohnson\5views_uniform,results\method_outputs\db\drjohnson\3dgs_degraded\lowres_50\5views_uniform,3000,4,108.70863499999905,5,7260,3000,0.0032097219955176115,46.79410934448242,results\method_outputs\db\drjohnson\3dgs_degraded\lowres_50\5views_uniform\point_cloud\iteration_3000\point_cloud.ply,67061475,results\method_outputs\db\drjohnson\3dgs_degraded\lowres_50\5views_uniform\train_console.log,20,12.584183967980355,0.2714906487613916,0.7019927829504014,,results\method_outputs\db\drjohnson\3dgs_degraded\lowres_50\5views_uniform\test\ours_3000\metrics_per_view.csv
db/drjohnson,3dgs_degraded,lowres_50,5views_random,success,0,datasets\degraded_scenes\lowres_50\db\drjohnson\5views_random,results\method_outputs\db\drjohnson\3dgs_degraded\lowres_50\5views_random,3000,4,115.80089360000056,5,5413,3000,0.0027819874230772257,47.468719482421875,results\method_outputs\db\drjohnson\3dgs_degraded\lowres_50\5views_random\point_cloud\iteration_3000\point_cloud.ply,44955003,results\method_outputs\db\drjohnson\3dgs_degraded\lowres_50\5views_random\train_console.log,20,14.840695994644477,0.3302427615970373,0.6611899062991142,,results\method_outputs\db\drjohnson\3dgs_degraded\lowres_50\5views_random\test\ours_3000\metrics_per_view.csv
db/drjohnson,3dgs_degraded,lowres_50,5views_quality,success,0,datasets\degraded_scenes\lowres_50\db\drjohnson\5views_quality,results\method_outputs\db\drjohnson\3dgs_degraded\lowres_50\5views_quality,3000,4,112.58819649999896,5,2834,3000,0.003364644246175885,45.45543670654297,results\method_outputs\db\drjohnson\3dgs_degraded\lowres_50\5views_quality\point_cloud\iteration_3000\point_cloud.ply,55175083,results\method_outputs\db\drjohnson\3dgs_degraded\lowres_50\5views_quality\train_console.log,20,10.49115869986794,0.11091865765629336,0.7235285103321075,,results\method_outputs\db\drjohnson\3dgs_degraded\lowres_50\5views_quality\test\ours_3000\metrics_per_view.csv
db/drjohnson,3dgs_degraded,lowres_50,5views_quality_diverse,success,0,datasets\degraded_scenes\lowres_50\db\drjohnson\5views_quality_diverse,results\method_outputs\db\drjohnson\3dgs_degraded\lowres_50\5views_quality_diverse,3000,4,130.4660100000001,5,6175,3000,0.0033269794657826424,42.4705810546875,results\method_outputs\db\drjohnson\3dgs_degraded\lowres_50\5views_quality_diverse\point_cloud\iteration_3000\point_cloud.ply,54294931,results\method_outputs\db\drjohnson\3dgs_degraded\lowres_50\5views_quality_diverse\train_console.log,20,14.569676677821132,0.34949454925954343,0.676877361536026,,results\method_outputs\db\drjohnson\3dgs_degraded\lowres_50\5views_quality_diverse\test\ours_3000\metrics_per_view.csv
db/drjohnson,3dgs_degraded,under_0.6,5views_uniform,success,0,datasets\degraded_scenes\under_0.6\db\drjohnson\5views_uniform,results\method_outputs\db\drjohnson\3dgs_degraded\under_0.6\5views_uniform,3000,4,78.06273809999948,5,7260,3000,0.002550471341237426,48.8314208984375,results\method_outputs\db\drjohnson\3dgs_degraded\under_0.6\5views_uniform\point_cloud\iteration_3000\point_cloud.ply,46329171,results\method_outputs\db\drjohnson\3dgs_degraded\under_0.6\5views_uniform\train_console.log,20,11.684683570403553,0.24665239155292512,0.69877490401268,,results\method_outputs\db\drjohnson\3dgs_degraded\under_0.6\5views_uniform\test\ours_3000\metrics_per_view.csv
db/drjohnson,3dgs_degraded,under_0.6,5views_random,success,0,datasets\degraded_scenes\under_0.6\db\drjohnson\5views_random,results\method_outputs\db\drjohnson\3dgs_degraded\under_0.6\5views_random,3000,4,68.9215295999984,5,5413,3000,0.0023528116289526224,49.22365951538086,results\method_outputs\db\drjohnson\3dgs_degraded\under_0.6\5views_random\point_cloud\iteration_3000\point_cloud.ply,32342715,results\method_outputs\db\drjohnson\3dgs_degraded\under_0.6\5views_random\train_console.log,20,13.024435235860505,0.3213570000603795,0.6632865324616433,,results\method_outputs\db\drjohnson\3dgs_degraded\under_0.6\5views_random\test\ours_3000\metrics_per_view.csv
db/drjohnson,3dgs_degraded,under_0.6,5views_quality,success,0,datasets\degraded_scenes\under_0.6\db\drjohnson\5views_quality,results\method_outputs\db\drjohnson\3dgs_degraded\under_0.6\5views_quality,3000,4,66.18526349999956,5,2834,3000,0.0026414780877530575,48.3648681640625,results\method_outputs\db\drjohnson\3dgs_degraded\under_0.6\5views_quality\point_cloud\iteration_3000\point_cloud.ply,38006787,results\method_outputs\db\drjohnson\3dgs_degraded\under_0.6\5views_quality\train_console.log,20,10.174001909935534,0.12635176626499742,0.7349809378385543,,results\method_outputs\db\drjohnson\3dgs_degraded\under_0.6\5views_quality\test\ours_3000\metrics_per_view.csv
db/drjohnson,3dgs_degraded,under_0.6,5views_quality_diverse,success,0,datasets\degraded_scenes\under_0.6\db\drjohnson\5views_quality_diverse,results\method_outputs\db\drjohnson\3dgs_degraded\under_0.6\5views_quality_diverse,3000,4,76.03141400000095,5,6175,3000,0.0027882116846740246,47.694679260253906,results\method_outputs\db\drjohnson\3dgs_degraded\under_0.6\5views_quality_diverse\point_cloud\iteration_3000\point_cloud.ply,39242323,results\method_outputs\db\drjohnson\3dgs_degraded\under_0.6\5views_quality_diverse\train_console.log,20,12.446796030414697,0.29732472114264963,0.6681747913360596,,results\method_outputs\db\drjohnson\3dgs_degraded\under_0.6\5views_quality_diverse\test\ours_3000\metrics_per_view.csv
db/playroom,3dgs_degraded,jpeg_q20,5views_uniform,success,0,datasets\degraded_scenes\jpeg_q20\db\playroom\5views_uniform,results\method_outputs\db\playroom\3dgs_degraded\jpeg_q20\5views_uniform,3000,4,59.05522390000078,5,4284,3000,0.0032879235222935677,45.59001922607422,results\method_outputs\db\playroom\3dgs_degraded\jpeg_q20\5views_uniform\point_cloud\iteration_3000\point_cloud.ply,54436787,results\method_outputs\db\playroom\3dgs_degraded\jpeg_q20\5views_uniform\train_console.log,20,12.369586526939354,0.5040068611502647,0.6546440809965134,,results\method_outputs\db\playroom\3dgs_degraded\jpeg_q20\5views_uniform\test\ours_3000\metrics_per_view.csv
db/playroom,3dgs_degraded,jpeg_q20,5views_random,success,0,datasets\degraded_scenes\jpeg_q20\db\playroom\5views_random,results\method_outputs\db\playroom\3dgs_degraded\jpeg_q20\5views_random,3000,4,68.89462880000065,5,5669,3000,0.003080726368352771,46.3100700378418,results\method_outputs\db\playroom\3dgs_degraded\jpeg_q20\5views_random\point_cloud\iteration_3000\point_cloud.ply,49800923,results\method_outputs\db\playroom\3dgs_degraded\jpeg_q20\5views_random\train_console.log,20,14.230100577874168,0.5191891804337502,0.5532046601176261,,results\method_outputs\db\playroom\3dgs_degraded\jpeg_q20\5views_random\test\ours_3000\metrics_per_view.csv
db/playroom,3dgs_degraded,jpeg_q20,5views_quality,success,0,datasets\degraded_scenes\jpeg_q20\db\playroom\5views_quality,results\method_outputs\db\playroom\3dgs_degraded\jpeg_q20\5views_quality,3000,4,63.43070970000008,5,7662,3000,0.0055607943795621395,40.085205078125,results\method_outputs\db\playroom\3dgs_degraded\jpeg_q20\5views_quality\point_cloud\iteration_3000\point_cloud.ply,29678451,results\method_outputs\db\playroom\3dgs_degraded\jpeg_q20\5views_quality\train_console.log,20,10.70183147419622,0.3693234073696658,0.615821149945259,,results\method_outputs\db\playroom\3dgs_degraded\jpeg_q20\5views_quality\test\ours_3000\metrics_per_view.csv
db/playroom,3dgs_degraded,jpeg_q20,5views_quality_diverse,success,0,datasets\degraded_scenes\jpeg_q20\db\playroom\5views_quality_diverse,results\method_outputs\db\playroom\3dgs_degraded\jpeg_q20\5views_quality_diverse,3000,4,46.244633799999065,5,8590,3000,0.003817252116277814,43.84184265136719,results\method_outputs\db\playroom\3dgs_degraded\jpeg_q20\5views_quality_diverse\point_cloud\iteration_3000\point_cloud.ply,39847443,results\method_outputs\db\playroom\3dgs_degraded\jpeg_q20\5views_quality_diverse\train_console.log,20,13.733145864151401,0.511549311876297,0.5729571104049682,,results\method_outputs\db\playroom\3dgs_degraded\jpeg_q20\5views_quality_diverse\test\ours_3000\metrics_per_view.csv
db/playroom,3dgs_degraded,blur_k15,5views_uniform,success,0,datasets\degraded_scenes\blur_k15\db\playroom\5views_uniform,results\method_outputs\db\playroom\3dgs_degraded\blur_k15\5views_uniform,3000,4,41.26213699999971,5,4284,3000,0.002823564689606428,47.60137176513672,results\method_outputs\db\playroom\3dgs_degraded\blur_k15\5views_uniform\point_cloud\iteration_3000\point_cloud.ply,35995507,results\method_outputs\db\playroom\3dgs_degraded\blur_k15\5views_uniform\train_console.log,20,11.186464583308114,0.47389224022626875,0.6180389449000359,,results\method_outputs\db\playroom\3dgs_degraded\blur_k15\5views_uniform\test\ours_3000\metrics_per_view.csv
db/playroom,3dgs_degraded,blur_k15,5views_random,success,0,datasets\degraded_scenes\blur_k15\db\playroom\5views_random,results\method_outputs\db\playroom\3dgs_degraded\blur_k15\5views_random,3000,4,44.3821939999998,5,5669,3000,0.00265866587869823,48.443450927734375,results\method_outputs\db\playroom\3dgs_degraded\blur_k15\5views_random\point_cloud\iteration_3000\point_cloud.ply,33423003,results\method_outputs\db\playroom\3dgs_degraded\blur_k15\5views_random\train_console.log,20,13.93172696018112,0.5261302664875984,0.5650007873773575,,results\method_outputs\db\playroom\3dgs_degraded\blur_k15\5views_random\test\ours_3000\metrics_per_view.csv
db/playroom,3dgs_degraded,blur_k15,5views_quality,success,0,datasets\degraded_scenes\blur_k15\db\playroom\5views_quality,results\method_outputs\db\playroom\3dgs_degraded\blur_k15\5views_quality,3000,4,50.50285789999907,5,7662,3000,0.0036557421553879976,43.9347038269043,results\method_outputs\db\playroom\3dgs_degraded\blur_k15\5views_quality\point_cloud\iteration_3000\point_cloud.ply,21154442,results\method_outputs\db\playroom\3dgs_degraded\blur_k15\5views_quality\train_console.log,20,11.292997142904186,0.430264057405293,0.6014657631516457,,results\method_outputs\db\playroom\3dgs_degraded\blur_k15\5views_quality\test\ours_3000\metrics_per_view.csv
db/playroom,3dgs_degraded,blur_k15,5views_quality_diverse,success,0,datasets\degraded_scenes\blur_k15\db\playroom\5views_quality_diverse,results\method_outputs\db\playroom\3dgs_degraded\blur_k15\5views_quality_diverse,3000,4,54.29131369999959,5,8590,3000,0.003134195925667882,46.85001754760742,results\method_outputs\db\playroom\3dgs_degraded\blur_k15\5views_quality_diverse\point_cloud\iteration_3000\point_cloud.ply,24839971,results\method_outputs\db\playroom\3dgs_degraded\blur_k15\5views_quality_diverse\train_console.log,20,14.228815558261894,0.5091902427375317,0.5713921740651131,,results\method_outputs\db\playroom\3dgs_degraded\blur_k15\5views_quality_diverse\test\ours_3000\metrics_per_view.csv
db/playroom,3dgs_degraded,lowres_50,5views_uniform,success,0,datasets\degraded_scenes\lowres_50\db\playroom\5views_uniform,results\method_outputs\db\playroom\3dgs_degraded\lowres_50\5views_uniform,3000,4,43.31181480000123,5,4284,3000,0.0030783507972955704,46.54191589355469,results\method_outputs\db\playroom\3dgs_degraded\lowres_50\5views_uniform\point_cloud\iteration_3000\point_cloud.ply,48162635,results\method_outputs\db\playroom\3dgs_degraded\lowres_50\5views_uniform\train_console.log,20,11.7935733604699,0.4883218422532082,0.6164272993803024,,results\method_outputs\db\playroom\3dgs_degraded\lowres_50\5views_uniform\test\ours_3000\metrics_per_view.csv
db/playroom,3dgs_degraded,lowres_50,5views_random,success,0,datasets\degraded_scenes\lowres_50\db\playroom\5views_random,results\method_outputs\db\playroom\3dgs_degraded\lowres_50\5views_random,3000,4,49.20634860000064,5,5669,3000,0.0030450031626969576,47.22539520263672,results\method_outputs\db\playroom\3dgs_degraded\lowres_50\5views_random\point_cloud\iteration_3000\point_cloud.ply,43891579,results\method_outputs\db\playroom\3dgs_degraded\lowres_50\5views_random\train_console.log,20,14.585166743522768,0.5499316155910492,0.5244162261486054,,results\method_outputs\db\playroom\3dgs_degraded\lowres_50\5views_random\test\ours_3000\metrics_per_view.csv
db/playroom,3dgs_degraded,lowres_50,5views_quality,success,0,datasets\degraded_scenes\lowres_50\db\playroom\5views_quality,results\method_outputs\db\playroom\3dgs_degraded\lowres_50\5views_quality,3000,4,47.703574999999546,5,7662,3000,0.003836490213871002,43.699676513671875,results\method_outputs\db\playroom\3dgs_degraded\lowres_50\5views_quality\point_cloud\iteration_3000\point_cloud.ply,27008979,results\method_outputs\db\playroom\3dgs_degraded\lowres_50\5views_quality\train_console.log,20,11.033274778135041,0.47248847782611847,0.56195317953825,,results\method_outputs\db\playroom\3dgs_degraded\lowres_50\5views_quality\test\ours_3000\metrics_per_view.csv
db/playroom,3dgs_degraded,lowres_50,5views_quality_diverse,success,0,datasets\degraded_scenes\lowres_50\db\playroom\5views_quality_diverse,results\method_outputs\db\playroom\3dgs_degraded\lowres_50\5views_quality_diverse,3000,4,52.16176559999985,5,8590,3000,0.003407152369618416,45.658180236816406,results\method_outputs\db\playroom\3dgs_degraded\lowres_50\5views_quality_diverse\point_cloud\iteration_3000\point_cloud.ply,36176547,results\method_outputs\db\playroom\3dgs_degraded\lowres_50\5views_quality_diverse\train_console.log,20,14.44186421851607,0.5441808342933655,0.5464276388287544,,results\method_outputs\db\playroom\3dgs_degraded\lowres_50\5views_quality_diverse\test\ours_3000\metrics_per_view.csv
db/playroom,3dgs_degraded,under_0.6,5views_uniform,success,0,datasets\degraded_scenes\under_0.6\db\playroom\5views_uniform,results\method_outputs\db\playroom\3dgs_degraded\under_0.6\5views_uniform,3000,4,43.64457129999937,5,4284,3000,0.0029952789191156626,47.50425338745117,results\method_outputs\db\playroom\3dgs_degraded\under_0.6\5views_uniform\point_cloud\iteration_3000\point_cloud.ply,37298995,results\method_outputs\db\playroom\3dgs_degraded\under_0.6\5views_uniform\train_console.log,20,7.699921694286576,0.29472098164260385,0.7027083903551101,,results\method_outputs\db\playroom\3dgs_degraded\under_0.6\5views_uniform\test\ours_3000\metrics_per_view.csv
db/playroom,3dgs_degraded,under_0.6,5views_random,success,0,datasets\degraded_scenes\under_0.6\db\playroom\5views_random,results\method_outputs\db\playroom\3dgs_degraded\under_0.6\5views_random,3000,4,43.644605800000136,5,5669,3000,0.002531480509787798,48.996070861816406,results\method_outputs\db\playroom\3dgs_degraded\under_0.6\5views_random\point_cloud\iteration_3000\point_cloud.ply,32989995,results\method_outputs\db\playroom\3dgs_degraded\under_0.6\5views_random\train_console.log,20,10.170766201951484,0.4799985997378826,0.6120564296841622,,results\method_outputs\db\playroom\3dgs_degraded\under_0.6\5views_random\test\ours_3000\metrics_per_view.csv
db/playroom,3dgs_degraded,under_0.6,5views_quality,success,0,datasets\degraded_scenes\under_0.6\db\playroom\5views_quality,results\method_outputs\db\playroom\3dgs_degraded\under_0.6\5views_quality,3000,4,41.904468599999745,5,7662,3000,0.0031915928702801466,45.62347412109375,results\method_outputs\db\playroom\3dgs_degraded\under_0.6\5views_quality\point_cloud\iteration_3000\point_cloud.ply,19068018,results\method_outputs\db\playroom\3dgs_degraded\under_0.6\5views_quality\train_console.log,20,7.958813178563841,0.3465328497812152,0.6300021022558212,,results\method_outputs\db\playroom\3dgs_degraded\under_0.6\5views_quality\test\ours_3000\metrics_per_view.csv
db/playroom,3dgs_degraded,under_0.6,5views_quality_diverse,success,0,datasets\degraded_scenes\under_0.6\db\playroom\5views_quality_diverse,results\method_outputs\db\playroom\3dgs_degraded\under_0.6\5views_quality_diverse,3000,4,41.54871169999933,5,8590,3000,0.0029583796858787537,47.316932678222656,results\method_outputs\db\playroom\3dgs_degraded\under_0.6\5views_quality_diverse\point_cloud\iteration_3000\point_cloud.ply,26017723,results\method_outputs\db\playroom\3dgs_degraded\under_0.6\5views_quality_diverse\train_console.log,20,10.085305609325655,0.4870565339922905,0.5665189415216446,,results\method_outputs\db\playroom\3dgs_degraded\under_0.6\5views_quality_diverse\test\ours_3000\metrics_per_view.csv
tandt/train,3dgs_degraded,jpeg_q40,5views_uniform,success,0,datasets\degraded_scenes\jpeg_q40\tandt\train\5views_uniform,results\method_outputs\tandt\train\3dgs_degraded\jpeg_q40\5views_uniform,3000,4,58.698621299998194,5,19876,3000,0.005499493330717087,40.36899185180664,results\method_outputs\tandt\train\3dgs_degraded\jpeg_q40\5views_uniform\point_cloud\iteration_3000\point_cloud.ply,39121547,results\method_outputs\tandt\train\3dgs_degraded\jpeg_q40\5views_uniform\train_console.log,20,12.895023444142552,0.31580362431705,0.5376994829624892,,results\method_outputs\tandt\train\3dgs_degraded\jpeg_q40\5views_uniform\test\ours_3000\metrics_per_view.csv
tandt/train,3dgs_degraded,jpeg_q40,5views_random,success,0,datasets\degraded_scenes\jpeg_q40\tandt\train\5views_random,results\method_outputs\tandt\train\3dgs_degraded\jpeg_q40\5views_random,3000,4,53.19451149999804,5,22172,3000,0.005394243635237217,40.86045837402344,results\method_outputs\tandt\train\3dgs_degraded\jpeg_q40\5views_random\point_cloud\iteration_3000\point_cloud.ply,47053083,results\method_outputs\tandt\train\3dgs_degraded\jpeg_q40\5views_random\train_console.log,20,11.838886162660433,0.2921992275863886,0.540260023623705,,results\method_outputs\tandt\train\3dgs_degraded\jpeg_q40\5views_random\test\ours_3000\metrics_per_view.csv
tandt/train,3dgs_degraded,jpeg_q40,5views_quality,success,0,datasets\degraded_scenes\jpeg_q40\tandt\train\5views_quality,results\method_outputs\tandt\train\3dgs_degraded\jpeg_q40\5views_quality,3000,4,56.04420399999799,5,10707,3000,0.008665797300636768,37.18378448486328,results\method_outputs\tandt\train\3dgs_degraded\jpeg_q40\5views_quality\point_cloud\iteration_3000\point_cloud.ply,45366435,results\method_outputs\tandt\train\3dgs_degraded\jpeg_q40\5views_quality\train_console.log,20,12.053960602889957,0.23452981933951378,0.6225102663040161,,results\method_outputs\tandt\train\3dgs_degraded\jpeg_q40\5views_quality\test\ours_3000\metrics_per_view.csv
tandt/train,3dgs_degraded,jpeg_q40,5views_quality_diverse,success,0,datasets\degraded_scenes\jpeg_q40\tandt\train\5views_quality_diverse,results\method_outputs\tandt\train\3dgs_degraded\jpeg_q40\5views_quality_diverse,3000,4,60.64648419999867,5,19357,3000,0.005669191014021635,38.86614990234375,results\method_outputs\tandt\train\3dgs_degraded\jpeg_q40\5views_quality_diverse\point_cloud\iteration_3000\point_cloud.ply,46846003,results\method_outputs\tandt\train\3dgs_degraded\jpeg_q40\5views_quality_diverse\train_console.log,20,12.869381037955597,0.30403049290180206,0.5432237982749939,,results\method_outputs\tandt\train\3dgs_degraded\jpeg_q40\5views_quality_diverse\test\ours_3000\metrics_per_view.csv
tandt/truck,3dgs_degraded,jpeg_q40,5views_uniform,success,0,datasets\degraded_scenes\jpeg_q40\tandt\truck\5views_uniform,results\method_outputs\tandt\truck\3dgs_degraded\jpeg_q40\5views_uniform,3000,4,63.68008999999438,5,18790,3000,0.003655728418380022,44.3575553894043,results\method_outputs\tandt\truck\3dgs_degraded\jpeg_q40\5views_uniform\point_cloud\iteration_3000\point_cloud.ply,51930003,results\method_outputs\tandt\truck\3dgs_degraded\jpeg_q40\5views_uniform\train_console.log,20,14.952950940614178,0.4427944891154766,0.421309569850564,,results\method_outputs\tandt\truck\3dgs_degraded\jpeg_q40\5views_uniform\test\ours_3000\metrics_per_view.csv
tandt/truck,3dgs_degraded,jpeg_q40,5views_random,success,0,datasets\degraded_scenes\jpeg_q40\tandt\truck\5views_random,results\method_outputs\tandt\truck\3dgs_degraded\jpeg_q40\5views_random,3000,4,64.11082780000288,5,19208,3000,0.00431909691542387,43.19367218017578,results\method_outputs\tandt\truck\3dgs_degraded\jpeg_q40\5views_random\point_cloud\iteration_3000\point_cloud.ply,40180755,results\method_outputs\tandt\truck\3dgs_degraded\jpeg_q40\5views_random\train_console.log,20,14.615979872000315,0.4456953674554825,0.4285200797021389,,results\method_outputs\tandt\truck\3dgs_degraded\jpeg_q40\5views_random\test\ours_3000\metrics_per_view.csv
tandt/truck,3dgs_degraded,jpeg_q40,5views_quality,success,0,datasets\degraded_scenes\jpeg_q40\tandt\truck\5views_quality,results\method_outputs\tandt\truck\3dgs_degraded\jpeg_q40\5views_quality,3000,4,53.313649600000645,5,10313,3000,0.005473228171467781,40.05403137207031,results\method_outputs\tandt\truck\3dgs_degraded\jpeg_q40\5views_quality\point_cloud\iteration_3000\point_cloud.ply,32219459,results\method_outputs\tandt\truck\3dgs_degraded\jpeg_q40\5views_quality\train_console.log,20,10.491475645206581,0.25290083773434163,0.5653043709695339,,results\method_outputs\tandt\truck\3dgs_degraded\jpeg_q40\5views_quality\test\ours_3000\metrics_per_view.csv
tandt/truck,3dgs_degraded,jpeg_q40,5views_quality_diverse,success,0,datasets\degraded_scenes\jpeg_q40\tandt\truck\5views_quality_diverse,results\method_outputs\tandt\truck\3dgs_degraded\jpeg_q40\5views_quality_diverse,3000,4,62.4478139999992,5,18766,3000,0.0046305288560688496,42.888397216796875,results\method_outputs\tandt\truck\3dgs_degraded\jpeg_q40\5views_quality_diverse\point_cloud\iteration_3000\point_cloud.ply,55886347,results\method_outputs\tandt\truck\3dgs_degraded\jpeg_q40\5views_quality_diverse\train_console.log,20,13.891472396304923,0.3878012590110302,0.4560294643044472,,results\method_outputs\tandt\truck\3dgs_degraded\jpeg_q40\5views_quality_diverse\test\ours_3000\metrics_per_view.csv
db/drjohnson,3dgs_degraded,jpeg_q40,5views_uniform,success,0,datasets\degraded_scenes\jpeg_q40\db\drjohnson\5views_uniform,results\method_outputs\db\drjohnson\3dgs_degraded\jpeg_q40\5views_uniform,3000,4,63.402254099994025,5,7260,3000,0.003225440625101328,46.28611373901367,results\method_outputs\db\drjohnson\3dgs_degraded\jpeg_q40\5views_uniform\point_cloud\iteration_3000\point_cloud.ply,75517035,results\method_outputs\db\drjohnson\3dgs_degraded\jpeg_q40\5views_uniform\train_console.log,20,12.791596145390777,0.28050621775910256,0.7030276745557785,,results\method_outputs\db\drjohnson\3dgs_degraded\jpeg_q40\5views_uniform\test\ours_3000\metrics_per_view.csv
db/drjohnson,3dgs_degraded,jpeg_q40,5views_random,success,0,datasets\degraded_scenes\jpeg_q40\db\drjohnson\5views_random,results\method_outputs\db\drjohnson\3dgs_degraded\jpeg_q40\5views_random,3000,4,60.564642000004824,5,5413,3000,0.0030114210676401854,45.79083251953125,results\method_outputs\db\drjohnson\3dgs_degraded\jpeg_q40\5views_random\point_cloud\iteration_3000\point_cloud.ply,48963179,results\method_outputs\db\drjohnson\3dgs_degraded\jpeg_q40\5views_random\train_console.log,20,14.19377725858539,0.3160778725519776,0.6658133938908577,,results\method_outputs\db\drjohnson\3dgs_degraded\jpeg_q40\5views_random\test\ours_3000\metrics_per_view.csv
db/drjohnson,3dgs_degraded,jpeg_q40,5views_quality,success,0,datasets\degraded_scenes\jpeg_q40\db\drjohnson\5views_quality,results\method_outputs\db\drjohnson\3dgs_degraded\jpeg_q40\5views_quality,3000,4,67.36047979999421,5,2834,3000,0.003651311621069908,44.86159896850586,results\method_outputs\db\drjohnson\3dgs_degraded\jpeg_q40\5views_quality\point_cloud\iteration_3000\point_cloud.ply,60694075,results\method_outputs\db\drjohnson\3dgs_degraded\jpeg_q40\5views_quality\train_console.log,20,10.476429899467844,0.11410310048377141,0.7287345826625824,,results\method_outputs\db\drjohnson\3dgs_degraded\jpeg_q40\5views_quality\test\ours_3000\metrics_per_view.csv
db/drjohnson,3dgs_degraded,jpeg_q40,5views_quality_diverse,success,0,datasets\degraded_scenes\jpeg_q40\db\drjohnson\5views_quality_diverse,results\method_outputs\db\drjohnson\3dgs_degraded\jpeg_q40\5views_quality_diverse,3000,4,80.26949149999564,5,6175,3000,0.003926732577383518,40.56907272338867,results\method_outputs\db\drjohnson\3dgs_degraded\jpeg_q40\5views_quality_diverse\point_cloud\iteration_3000\point_cloud.ply,58661963,results\method_outputs\db\drjohnson\3dgs_degraded\jpeg_q40\5views_quality_diverse\train_console.log,20,15.231146997510175,0.3835055835545063,0.6840870320796967,,results\method_outputs\db\drjohnson\3dgs_degraded\jpeg_q40\5views_quality_diverse\test\ours_3000\metrics_per_view.csv
db/playroom,3dgs_degraded,jpeg_q40,5views_uniform,success,0,datasets\degraded_scenes\jpeg_q40\db\playroom\5views_uniform,results\method_outputs\db\playroom\3dgs_degraded\jpeg_q40\5views_uniform,3000,4,99.12218459999713,5,4284,3000,0.003266707295551896,45.81986618041992,results\method_outputs\db\playroom\3dgs_degraded\jpeg_q40\5views_uniform\point_cloud\iteration_3000\point_cloud.ply,52692355,results\method_outputs\db\playroom\3dgs_degraded\jpeg_q40\5views_uniform\train_console.log,20,12.337659054962232,0.5127237528562546,0.5970659270882607,,results\method_outputs\db\playroom\3dgs_degraded\jpeg_q40\5views_uniform\test\ours_3000\metrics_per_view.csv
db/playroom,3dgs_degraded,jpeg_q40,5views_random,success,0,datasets\degraded_scenes\jpeg_q40\db\playroom\5views_random,results\method_outputs\db\playroom\3dgs_degraded\jpeg_q40\5views_random,3000,4,76.46670920000179,5,5669,3000,0.0030145489145070314,46.915191650390625,results\method_outputs\db\playroom\3dgs_degraded\jpeg_q40\5views_random\point_cloud\iteration_3000\point_cloud.ply,48097659,results\method_outputs\db\playroom\3dgs_degraded\jpeg_q40\5views_random\train_console.log,20,13.709388629303172,0.5179585583508015,0.5549121484160423,,results\method_outputs\db\playroom\3dgs_degraded\jpeg_q40\5views_random\test\ours_3000\metrics_per_view.csv
db/playroom,3dgs_degraded,jpeg_q40,5views_quality,success,0,datasets\degraded_scenes\jpeg_q40\db\playroom\5views_quality,results\method_outputs\db\playroom\3dgs_degraded\jpeg_q40\5views_quality,3000,4,68.32834430000366,5,7662,3000,0.004726441111415625,41.70942687988281,results\method_outputs\db\playroom\3dgs_degraded\jpeg_q40\5views_quality\point_cloud\iteration_3000\point_cloud.ply,30035571,results\method_outputs\db\playroom\3dgs_degraded\jpeg_q40\5views_quality\train_console.log,20,11.641440284070821,0.4697624118998647,0.5574290573596954,,results\method_outputs\db\playroom\3dgs_degraded\jpeg_q40\5views_quality\test\ours_3000\metrics_per_view.csv
db/playroom,3dgs_degraded,jpeg_q40,5views_quality_diverse,success,0,datasets\degraded_scenes\jpeg_q40\db\playroom\5views_quality_diverse,results\method_outputs\db\playroom\3dgs_degraded\jpeg_q40\5views_quality_diverse,3000,4,76.14800059999834,5,8590,3000,0.0038577707018703222,43.846534729003906,results\method_outputs\db\playroom\3dgs_degraded\jpeg_q40\5views_quality_diverse\point_cloud\iteration_3000\point_cloud.ply,40031707,results\method_outputs\db\playroom\3dgs_degraded\jpeg_q40\5views_quality_diverse\train_console.log,20,14.682646995501042,0.577284750342369,0.512346613407135,,results\method_outputs\db\playroom\3dgs_degraded\jpeg_q40\5views_quality_diverse\test\ours_3000\metrics_per_view.csv
tandt/train,3dgs_degraded,under_0.4,5views_uniform,success,0,datasets\degraded_scenes\under_0.4\tandt\train\5views_uniform,results\method_outputs\tandt\train\3dgs_degraded\under_0.4\5views_uniform,3000,4,92.25375730000087,5,19876,3000,0.0037297261878848076,44.645809173583984,results\method_outputs\tandt\train\3dgs_degraded\under_0.4\5views_uniform\point_cloud\iteration_3000\point_cloud.ply,18417762,results\method_outputs\tandt\train\3dgs_degraded\under_0.4\5views_uniform\train_console.log,20,9.088462660556505,0.24707742780447006,0.5568666666746139,,results\method_outputs\tandt\train\3dgs_degraded\under_0.4\5views_uniform\test\ours_3000\metrics_per_view.csv
tandt/train,3dgs_degraded,under_0.4,5views_random,success,0,datasets\degraded_scenes\under_0.4\tandt\train\5views_random,results\method_outputs\tandt\train\3dgs_degraded\under_0.4\5views_random,3000,4,74.9863469999982,5,22172,3000,0.0028554140590131283,47.25560760498047,results\method_outputs\tandt\train\3dgs_degraded\under_0.4\5views_random\point_cloud\iteration_3000\point_cloud.ply,21244466,results\method_outputs\tandt\train\3dgs_degraded\under_0.4\5views_random\train_console.log,20,8.561344463823268,0.23415040746331214,0.5652968138456345,,results\method_outputs\tandt\train\3dgs_degraded\under_0.4\5views_random\test\ours_3000\metrics_per_view.csv
tandt/train,3dgs_degraded,under_0.4,5views_quality,success,0,datasets\degraded_scenes\under_0.4\tandt\train\5views_quality,results\method_outputs\tandt\train\3dgs_degraded\under_0.4\5views_quality,3000,4,75.66676700000244,5,10707,3000,0.0041839503683149815,44.28588104248047,results\method_outputs\tandt\train\3dgs_degraded\under_0.4\5views_quality\point_cloud\iteration_3000\point_cloud.ply,20387378,results\method_outputs\tandt\train\3dgs_degraded\under_0.4\5views_quality\train_console.log,20,8.464794529218853,0.19803983494639396,0.6362260326743125,,results\method_outputs\tandt\train\3dgs_degraded\under_0.4\5views_quality\test\ours_3000\metrics_per_view.csv
tandt/train,3dgs_degraded,under_0.4,5views_quality_diverse,success,0,datasets\degraded_scenes\under_0.4\tandt\train\5views_quality_diverse,results\method_outputs\tandt\train\3dgs_degraded\under_0.4\5views_quality_diverse,3000,4,104.79329100000177,5,19357,3000,0.003609506879001856,44.24803161621094,results\method_outputs\tandt\train\3dgs_degraded\under_0.4\5views_quality_diverse\point_cloud\iteration_3000\point_cloud.ply,21334490,results\method_outputs\tandt\train\3dgs_degraded\under_0.4\5views_quality_diverse\train_console.log,20,8.568683709293117,0.22359837032854557,0.5863874435424805,,results\method_outputs\tandt\train\3dgs_degraded\under_0.4\5views_quality_diverse\test\ours_3000\metrics_per_view.csv
tandt/truck,3dgs_degraded,under_0.4,5views_uniform,success,0,datasets\degraded_scenes\under_0.4\tandt\truck\5views_uniform,results\method_outputs\tandt\truck\3dgs_degraded\under_0.4\5views_uniform,3000,4,82.40310529999988,5,18790,3000,0.002411397872492671,48.679161071777344,results\method_outputs\tandt\truck\3dgs_degraded\under_0.4\5views_uniform\point_cloud\iteration_3000\point_cloud.ply,25407395,results\method_outputs\tandt\truck\3dgs_degraded\under_0.4\5views_uniform\train_console.log,20,8.26096908175975,0.2627321794629097,0.49742202609777453,,results\method_outputs\tandt\truck\3dgs_degraded\under_0.4\5views_uniform\test\ours_3000\metrics_per_view.csv
tandt/truck,3dgs_degraded,under_0.4,5views_random,success,0,datasets\degraded_scenes\under_0.4\tandt\truck\5views_random,results\method_outputs\tandt\truck\3dgs_degraded\under_0.4\5views_random,3000,4,76.82102920000034,5,19208,3000,0.002388720866292715,49.2175407409668,results\method_outputs\tandt\truck\3dgs_degraded\under_0.4\5views_random\point_cloud\iteration_3000\point_cloud.ply,18841346,results\method_outputs\tandt\truck\3dgs_degraded\under_0.4\5views_random\train_console.log,20,7.75697034745765,0.24758263155817986,0.5022870279848576,,results\method_outputs\tandt\truck\3dgs_degraded\under_0.4\5views_random\test\ours_3000\metrics_per_view.csv
tandt/truck,3dgs_degraded,under_0.4,5views_quality,success,0,datasets\degraded_scenes\under_0.4\tandt\truck\5views_quality,results\method_outputs\tandt\truck\3dgs_degraded\under_0.4\5views_quality,3000,4,65.26596789999894,5,10313,3000,0.002915923483669758,46.936065673828125,results\method_outputs\tandt\truck\3dgs_degraded\under_0.4\5views_quality\point_cloud\iteration_3000\point_cloud.ply,16910418,results\method_outputs\tandt\truck\3dgs_degraded\under_0.4\5views_quality\train_console.log,20,7.087766682419478,0.16956717818975447,0.6082361906766891,,results\method_outputs\tandt\truck\3dgs_degraded\under_0.4\5views_quality\test\ours_3000\metrics_per_view.csv
tandt/truck,3dgs_degraded,under_0.4,5views_quality_diverse,success,0,datasets\degraded_scenes\under_0.4\tandt\truck\5views_quality_diverse,results\method_outputs\tandt\truck\3dgs_degraded\under_0.4\5views_quality_diverse,3000,4,67.02939340000012,5,18766,3000,0.00286852871067822,47.645408630371094,results\method_outputs\tandt\truck\3dgs_degraded\under_0.4\5views_quality_diverse\point_cloud\iteration_3000\point_cloud.ply,27384451,results\method_outputs\tandt\truck\3dgs_degraded\under_0.4\5views_quality_diverse\train_console.log,20,7.990184001628258,0.23002488166093826,0.5240542009472847,,results\method_outputs\tandt\truck\3dgs_degraded\under_0.4\5views_quality_diverse\test\ours_3000\metrics_per_view.csv
db/drjohnson,3dgs_degraded,under_0.4,5views_uniform,success,0,datasets\degraded_scenes\under_0.4\db\drjohnson\5views_uniform,results\method_outputs\db\drjohnson\3dgs_degraded\under_0.4\5views_uniform,3000,4,67.0124180999992,5,7260,3000,0.0025150335859507322,49.10313034057617,results\method_outputs\db\drjohnson\3dgs_degraded\under_0.4\5views_uniform\point_cloud\iteration_3000\point_cloud.ply,30796683,results\method_outputs\db\drjohnson\3dgs_degraded\under_0.4\5views_uniform\train_console.log,20,10.85768894431675,0.23204890079796314,0.7152225822210312,,results\method_outputs\db\drjohnson\3dgs_degraded\under_0.4\5views_uniform\test\ours_3000\metrics_per_view.csv
db/drjohnson,3dgs_degraded,under_0.4,5views_random,success,0,datasets\degraded_scenes\under_0.4\db\drjohnson\5views_random,results\method_outputs\db\drjohnson\3dgs_degraded\under_0.4\5views_random,3000,4,56.75183009999455,5,5413,3000,0.0022788001224398613,49.763404846191406,results\method_outputs\db\drjohnson\3dgs_degraded\under_0.4\5views_random\point_cloud\iteration_3000\point_cloud.ply,22594826,results\method_outputs\db\drjohnson\3dgs_degraded\under_0.4\5views_random\train_console.log,20,11.360553162096716,0.24124553883448244,0.6620819196105003,,results\method_outputs\db\drjohnson\3dgs_degraded\under_0.4\5views_random\test\ours_3000\metrics_per_view.csv
db/drjohnson,3dgs_degraded,under_0.4,5views_quality,success,0,datasets\degraded_scenes\under_0.4\db\drjohnson\5views_quality,results\method_outputs\db\drjohnson\3dgs_degraded\under_0.4\5views_quality,3000,4,62.834512500005076,5,2834,3000,0.002193567343056202,50.11249542236328,results\method_outputs\db\drjohnson\3dgs_degraded\under_0.4\5views_quality\point_cloud\iteration_3000\point_cloud.ply,26979715,results\method_outputs\db\drjohnson\3dgs_degraded\under_0.4\5views_quality\train_console.log,20,9.670729818786409,0.10298177375225351,0.7290921360254288,,results\method_outputs\db\drjohnson\3dgs_degraded\under_0.4\5views_quality\test\ours_3000\metrics_per_view.csv
db/drjohnson,3dgs_degraded,under_0.4,5views_quality_diverse,success,0,datasets\degraded_scenes\under_0.4\db\drjohnson\5views_quality_diverse,results\method_outputs\db\drjohnson\3dgs_degraded\under_0.4\5views_quality_diverse,3000,4,72.11729369999375,5,6175,3000,0.002416938543319702,49.060482025146484,results\method_outputs\db\drjohnson\3dgs_degraded\under_0.4\5views_quality_diverse\point_cloud\iteration_3000\point_cloud.ply,26890931,results\method_outputs\db\drjohnson\3dgs_degraded\under_0.4\5views_quality_diverse\train_console.log,20,11.111394690748742,0.2382149625569582,0.6870359420776367,,results\method_outputs\db\drjohnson\3dgs_degraded\under_0.4\5views_quality_diverse\test\ours_3000\metrics_per_view.csv
db/playroom,3dgs_degraded,under_0.4,5views_uniform,success,0,datasets\degraded_scenes\under_0.4\db\playroom\5views_uniform,results\method_outputs\db\playroom\3dgs_degraded\under_0.4\5views_uniform,3000,4,63.95407630000409,5,4284,3000,0.0025402463506907225,48.88921356201172,results\method_outputs\db\playroom\3dgs_degraded\under_0.4\5views_uniform\point_cloud\iteration_3000\point_cloud.ply,31468267,results\method_outputs\db\playroom\3dgs_degraded\under_0.4\5views_uniform\train_console.log,20,6.658155422771519,0.2719976995140314,0.7125401794910431,,results\method_outputs\db\playroom\3dgs_degraded\under_0.4\5views_uniform\test\ours_3000\metrics_per_view.csv
db/playroom,3dgs_degraded,under_0.4,5views_random,success,0,datasets\degraded_scenes\under_0.4\db\playroom\5views_random,results\method_outputs\db\playroom\3dgs_degraded\under_0.4\5views_random,3000,4,56.932736800001294,5,5669,3000,0.0023317590821534395,49.684539794921875,results\method_outputs\db\playroom\3dgs_degraded\under_0.4\5views_random\point_cloud\iteration_3000\point_cloud.ply,28306515,results\method_outputs\db\playroom\3dgs_degraded\under_0.4\5views_random\train_console.log,20,7.933881231865297,0.3825281418859959,0.6431382805109024,,results\method_outputs\db\playroom\3dgs_degraded\under_0.4\5views_random\test\ours_3000\metrics_per_view.csv
db/playroom,3dgs_degraded,under_0.4,5views_quality,success,0,datasets\degraded_scenes\under_0.4\db\playroom\5views_quality,results\method_outputs\db\playroom\3dgs_degraded\under_0.4\5views_quality,3000,4,66.1878160999986,5,7662,3000,0.002756553003564477,47.37982940673828,results\method_outputs\db\playroom\3dgs_degraded\under_0.4\5views_quality\point_cloud\iteration_3000\point_cloud.ply,14364450,results\method_outputs\db\playroom\3dgs_degraded\under_0.4\5views_quality\train_console.log,20,6.445054800416263,0.2587304311557091,0.660234147310257,,results\method_outputs\db\playroom\3dgs_degraded\under_0.4\5views_quality\test\ours_3000\metrics_per_view.csv
db/playroom,3dgs_degraded,under_0.4,5views_quality_diverse,success,0,datasets\degraded_scenes\under_0.4\db\playroom\5views_quality_diverse,results\method_outputs\db\playroom\3dgs_degraded\under_0.4\5views_quality_diverse,3000,4,63.29609160000109,5,8590,3000,0.0027321730740368366,48.240867614746094,results\method_outputs\db\playroom\3dgs_degraded\under_0.4\5views_quality_diverse\point_cloud\iteration_3000\point_cloud.ply,20059770,results\method_outputs\db\playroom\3dgs_degraded\under_0.4\5views_quality_diverse\train_console.log,20,7.453155577879679,0.35673511382192374,0.622885812819004,,results\method_outputs\db\playroom\3dgs_degraded\under_0.4\5views_quality_diverse\test\ours_3000\metrics_per_view.csv
tandt/train,3dgs_degraded,over_1.4,5views_uniform,success,0,datasets\degraded_scenes\over_1.4\tandt\train\5views_uniform,results\method_outputs\tandt\train\3dgs_degraded\over_1.4\5views_uniform,3000,4,89.51767539999855,5,19876,3000,0.005367740523070097,38.016822814941406,results\method_outputs\tandt\train\3dgs_degraded\over_1.4\5views_uniform\point_cloud\iteration_3000\point_cloud.ply,44275731,results\method_outputs\tandt\train\3dgs_degraded\over_1.4\5views_uniform\train_console.log,20,10.437692360620828,0.29659509770572184,0.5557365149259568,,results\method_outputs\tandt\train\3dgs_degraded\over_1.4\5views_uniform\test\ours_3000\metrics_per_view.csv
tandt/train,3dgs_degraded,over_1.4,5views_random,success,0,datasets\degraded_scenes\over_1.4\tandt\train\5views_random,results\method_outputs\tandt\train\3dgs_degraded\over_1.4\5views_random,3000,4,82.46238560000347,5,22172,3000,0.005718073341995478,37.33039093017578,results\method_outputs\tandt\train\3dgs_degraded\over_1.4\5views_random\point_cloud\iteration_3000\point_cloud.ply,49664027,results\method_outputs\tandt\train\3dgs_degraded\over_1.4\5views_random\train_console.log,20,9.076337626635269,0.25514282286167145,0.5727582357823848,,results\method_outputs\tandt\train\3dgs_degraded\over_1.4\5views_random\test\ours_3000\metrics_per_view.csv
tandt/train,3dgs_degraded,over_1.4,5views_quality,success,0,datasets\degraded_scenes\over_1.4\tandt\train\5views_quality,results\method_outputs\tandt\train\3dgs_degraded\over_1.4\5views_quality,3000,4,84.13905440000235,5,10707,3000,0.006699068006128073,38.41809844970703,results\method_outputs\tandt\train\3dgs_degraded\over_1.4\5views_quality\point_cloud\iteration_3000\point_cloud.ply,48712203,results\method_outputs\tandt\train\3dgs_degraded\over_1.4\5views_quality\train_console.log,20,9.435652498006162,0.21415633000433446,0.6365916326642036,,results\method_outputs\tandt\train\3dgs_degraded\over_1.4\5views_quality\test\ours_3000\metrics_per_view.csv
tandt/train,3dgs_degraded,over_1.4,5views_quality_diverse,success,0,datasets\degraded_scenes\over_1.4\tandt\train\5views_quality_diverse,results\method_outputs\tandt\train\3dgs_degraded\over_1.4\5views_quality_diverse,3000,4,83.9078301000045,5,19357,3000,0.005751947406679392,38.705322265625,results\method_outputs\tandt\train\3dgs_degraded\over_1.4\5views_quality_diverse\point_cloud\iteration_3000\point_cloud.ply,48894235,results\method_outputs\tandt\train\3dgs_degraded\over_1.4\5views_quality_diverse\train_console.log,20,10.827080578765626,0.2836167044937611,0.5602494060993195,,results\method_outputs\tandt\train\3dgs_degraded\over_1.4\5views_quality_diverse\test\ours_3000\metrics_per_view.csv
tandt/truck,3dgs_degraded,over_1.4,5views_uniform,success,0,datasets\degraded_scenes\over_1.4\tandt\truck\5views_uniform,results\method_outputs\tandt\truck\3dgs_degraded\over_1.4\5views_uniform,3000,4,79.00399579999794,5,18790,3000,0.004095562268048525,42.912261962890625,results\method_outputs\tandt\truck\3dgs_degraded\over_1.4\5views_uniform\point_cloud\iteration_3000\point_cloud.ply,58448683,results\method_outputs\tandt\truck\3dgs_degraded\over_1.4\5views_uniform\train_console.log,20,11.453353650301432,0.41144185364246366,0.4582291841506958,,results\method_outputs\tandt\truck\3dgs_degraded\over_1.4\5views_uniform\test\ours_3000\metrics_per_view.csv
tandt/truck,3dgs_degraded,over_1.4,5views_random,success,0,datasets\degraded_scenes\over_1.4\tandt\truck\5views_random,results\method_outputs\tandt\truck\3dgs_degraded\over_1.4\5views_random,3000,4,41.88591949999682,5,19208,3000,0.004609683062881231,42.380001068115234,results\method_outputs\tandt\truck\3dgs_degraded\over_1.4\5views_random\point_cloud\iteration_3000\point_cloud.ply,47137155,results\method_outputs\tandt\truck\3dgs_degraded\over_1.4\5views_random\train_console.log,20,11.24313834277851,0.4078613169491291,0.4597101278603077,,results\method_outputs\tandt\truck\3dgs_degraded\over_1.4\5views_random\test\ours_3000\metrics_per_view.csv
tandt/truck,3dgs_degraded,over_1.4,5views_quality,success,0,datasets\degraded_scenes\over_1.4\tandt\truck\5views_quality,results\method_outputs\tandt\truck\3dgs_degraded\over_1.4\5views_quality,3000,4,42.4641971999954,5,10313,3000,0.004944091662764549,39.48431396484375,results\method_outputs\tandt\truck\3dgs_degraded\over_1.4\5views_quality\point_cloud\iteration_3000\point_cloud.ply,38125331,results\method_outputs\tandt\truck\3dgs_degraded\over_1.4\5views_quality\train_console.log,20,10.162947315324715,0.25802524089813234,0.5795120969414711,,results\method_outputs\tandt\truck\3dgs_degraded\over_1.4\5views_quality\test\ours_3000\metrics_per_view.csv
tandt/truck,3dgs_degraded,over_1.4,5views_quality_diverse,success,0,datasets\degraded_scenes\over_1.4\tandt\truck\5views_quality_diverse,results\method_outputs\tandt\truck\3dgs_degraded\over_1.4\5views_quality_diverse,3000,4,52.751203100000566,5,18766,3000,0.004889121279120445,41.983638763427734,results\method_outputs\tandt\truck\3dgs_degraded\over_1.4\5views_quality_diverse\point_cloud\iteration_3000\point_cloud.ply,61094347,results\method_outputs\tandt\truck\3dgs_degraded\over_1.4\5views_quality_diverse\train_console.log,20,11.598303920518353,0.34330190569162367,0.4869784086942673,,results\method_outputs\tandt\truck\3dgs_degraded\over_1.4\5views_quality_diverse\test\ours_3000\metrics_per_view.csv
db/drjohnson,3dgs_degraded,over_1.4,5views_uniform,success,0,datasets\degraded_scenes\over_1.4\db\drjohnson\5views_uniform,results\method_outputs\db\drjohnson\3dgs_degraded\over_1.4\5views_uniform,3000,4,59.44235440000193,5,7260,3000,0.003438460174947977,45.261314392089844,results\method_outputs\db\drjohnson\3dgs_degraded\over_1.4\5views_uniform\point_cloud\iteration_3000\point_cloud.ply,97491819,results\method_outputs\db\drjohnson\3dgs_degraded\over_1.4\5views_uniform\train_console.log,20,11.006318818534805,0.25242742989212275,0.7163696497678756,,results\method_outputs\db\drjohnson\3dgs_degraded\over_1.4\5views_uniform\test\ours_3000\metrics_per_view.csv
db/drjohnson,3dgs_degraded,over_1.4,5views_random,success,0,datasets\degraded_scenes\over_1.4\db\drjohnson\5views_random,results\method_outputs\db\drjohnson\3dgs_degraded\over_1.4\5views_random,3000,4,38.38194400000066,5,5413,3000,0.0035165399312973022,44.9613151550293,results\method_outputs\db\drjohnson\3dgs_degraded\over_1.4\5views_random\point_cloud\iteration_3000\point_cloud.ply,57674179,results\method_outputs\db\drjohnson\3dgs_degraded\over_1.4\5views_random\train_console.log,20,12.513954922951537,0.2999048420693725,0.6662796050310135,,results\method_outputs\db\drjohnson\3dgs_degraded\over_1.4\5views_random\test\ours_3000\metrics_per_view.csv
db/drjohnson,3dgs_degraded,over_1.4,5views_quality,success,0,datasets\degraded_scenes\over_1.4\db\drjohnson\5views_quality,results\method_outputs\db\drjohnson\3dgs_degraded\over_1.4\5views_quality,3000,4,41.268215500000224,5,2834,3000,0.004253208637237549,42.06257629394531,results\method_outputs\db\drjohnson\3dgs_degraded\over_1.4\5views_quality\point_cloud\iteration_3000\point_cloud.ply,72123651,results\method_outputs\db\drjohnson\3dgs_degraded\over_1.4\5views_quality\train_console.log,20,10.107501893843333,0.14403952652937732,0.73736831843853,,results\method_outputs\db\drjohnson\3dgs_degraded\over_1.4\5views_quality\test\ours_3000\metrics_per_view.csv
db/drjohnson,3dgs_degraded,over_1.4,5views_quality_diverse,success,0,datasets\degraded_scenes\over_1.4\db\drjohnson\5views_quality_diverse,results\method_outputs\db\drjohnson\3dgs_degraded\over_1.4\5views_quality_diverse,3000,4,36.95947729999898,5,6175,3000,0.003627650672569871,43.36831283569336,results\method_outputs\db\drjohnson\3dgs_degraded\over_1.4\5views_quality_diverse\point_cloud\iteration_3000\point_cloud.ply,68404891,results\method_outputs\db\drjohnson\3dgs_degraded\over_1.4\5views_quality_diverse\train_console.log,20,12.385927607624955,0.3617175675928593,0.7013607650995255,,results\method_outputs\db\drjohnson\3dgs_degraded\over_1.4\5views_quality_diverse\test\ours_3000\metrics_per_view.csv
db/playroom,3dgs_degraded,over_1.4,5views_uniform,success,0,datasets\degraded_scenes\over_1.4\db\playroom\5views_uniform,results\method_outputs\db\playroom\3dgs_degraded\over_1.4\5views_uniform,3000,4,39.916103499999736,5,4284,3000,0.0036708039697259665,44.571624755859375,results\method_outputs\db\playroom\3dgs_degraded\over_1.4\5views_uniform\point_cloud\iteration_3000\point_cloud.ply,65672179,results\method_outputs\db\playroom\3dgs_degraded\over_1.4\5views_uniform\train_console.log,20,10.678402496660937,0.4654583677649498,0.6478603303432464,,results\method_outputs\db\playroom\3dgs_degraded\over_1.4\5views_uniform\test\ours_3000\metrics_per_view.csv
db/playroom,3dgs_degraded,over_1.4,5views_random,success,0,datasets\degraded_scenes\over_1.4\db\playroom\5views_random,results\method_outputs\db\playroom\3dgs_degraded\over_1.4\5views_random,3000,4,29.154936799997813,5,5669,3000,0.003559031058102846,44.05998992919922,results\method_outputs\db\playroom\3dgs_degraded\over_1.4\5views_random\point_cloud\iteration_3000\point_cloud.ply,54806059,results\method_outputs\db\playroom\3dgs_degraded\over_1.4\5views_random\train_console.log,20,11.256564024981989,0.5317629806697368,0.591062442958355,,results\method_outputs\db\playroom\3dgs_degraded\over_1.4\5views_random\test\ours_3000\metrics_per_view.csv
db/playroom,3dgs_degraded,over_1.4,5views_quality,success,0,datasets\degraded_scenes\over_1.4\db\playroom\5views_quality,results\method_outputs\db\playroom\3dgs_degraded\over_1.4\5views_quality,3000,4,29.896791099999973,5,7662,3000,0.004641655832529068,41.080909729003906,results\method_outputs\db\playroom\3dgs_degraded\over_1.4\5views_quality\point_cloud\iteration_3000\point_cloud.ply,36837715,results\method_outputs\db\playroom\3dgs_degraded\over_1.4\5views_quality\train_console.log,20,8.97130503927122,0.37958682822063566,0.6384395137429237,,results\method_outputs\db\playroom\3dgs_degraded\over_1.4\5views_quality\test\ours_3000\metrics_per_view.csv
db/playroom,3dgs_degraded,over_1.4,5views_quality_diverse,success,0,datasets\degraded_scenes\over_1.4\db\playroom\5views_quality_diverse,results\method_outputs\db\playroom\3dgs_degraded\over_1.4\5views_quality_diverse,3000,4,34.723060299998906,5,8590,3000,0.004064530599862337,43.5257568359375,results\method_outputs\db\playroom\3dgs_degraded\over_1.4\5views_quality_diverse\point_cloud\iteration_3000\point_cloud.ply,48690131,results\method_outputs\db\playroom\3dgs_degraded\over_1.4\5views_quality_diverse\train_console.log,20,10.990031356576763,0.5176618084311485,0.6105071157217026,,results\method_outputs\db\playroom\3dgs_degraded\over_1.4\5views_quality_diverse\test\ours_3000\metrics_per_view.csv
