experiment_id,scene,method,views,selection,condition,split_name,input_image_dir,output_dir,status
59f93a08a703,tandt/train,colmap_sfm,2,uniform,clean,2views_uniform,datasets\raw\tandt\train\images,results\method_outputs\colmap_sfm\tandt\train\clean\2views_uniform,pending
9490dd6b107c,tandt/train,colmap_sfm,2,uniform,resize_50,2views_uniform,datasets\processed\tandt\train\degraded\resize_50,results\method_outputs\colmap_sfm\tandt\train\resize_50\2views_uniform,pending
528136aa0086,tandt/train,colmap_sfm,2,uniform,jpeg_q40,2views_uniform,datasets\processed\tandt\train\degraded\jpeg_q40,results\method_outputs\colmap_sfm\tandt\train\jpeg_q40\2views_uniform,pending
a643e9aebcfd,tandt/train,colmap_sfm,2,uniform,motion_blur_k7,2views_uniform,datasets\processed\tandt\train\degraded\motion_blur_k7,results\method_outputs\colmap_sfm\tandt\train\motion_blur_k7\2views_uniform,pending
349b111a51ab,tandt/train,colmap_sfm,2,uniform,exposure_under_0.6,2views_uniform,datasets\processed\tandt\train\degraded\exposure_under_0.6,results\method_outputs\colmap_sfm\tandt\train\exposure_under_0.6\2views_uniform,pending
a86aa761a44b,tandt/train,colmap_sfm,2,random,clean,2views_random,datasets\raw\tandt\train\images,results\method_outputs\colmap_sfm\tandt\train\clean\2views_random,pending
8c158d95c393,tandt/train,colmap_sfm,2,random,resize_50,2views_random,datasets\processed\tandt\train\degraded\resize_50,results\method_outputs\colmap_sfm\tandt\train\resize_50\2views_random,pending
c6532347530c,tandt/train,colmap_sfm,2,random,jpeg_q40,2views_random,datasets\processed\tandt\train\degraded\jpeg_q40,results\method_outputs\colmap_sfm\tandt\train\jpeg_q40\2views_random,pending
bd8dc6123009,tandt/train,colmap_sfm,2,random,motion_blur_k7,2views_random,datasets\processed\tandt\train\degraded\motion_blur_k7,results\method_outputs\colmap_sfm\tandt\train\motion_blur_k7\2views_random,pending
e13b05f2163c,tandt/train,colmap_sfm,2,random,exposure_under_0.6,2views_random,datasets\processed\tandt\train\degraded\exposure_under_0.6,results\method_outputs\colmap_sfm\tandt\train\exposure_under_0.6\2views_random,pending
b1f80313b381,tandt/train,colmap_sfm,2,quality,clean,2views_quality,datasets\raw\tandt\train\images,results\method_outputs\colmap_sfm\tandt\train\clean\2views_quality,pending
eac0b27ad5be,tandt/train,colmap_sfm,2,quality,resize_50,2views_quality,datasets\processed\tandt\train\degraded\resize_50,results\method_outputs\colmap_sfm\tandt\train\resize_50\2views_quality,pending
6913fe4893e7,tandt/train,colmap_sfm,2,quality,jpeg_q40,2views_quality,datasets\processed\tandt\train\degraded\jpeg_q40,results\method_outputs\colmap_sfm\tandt\train\jpeg_q40\2views_quality,pending
5cf35a7a464b,tandt/train,colmap_sfm,2,quality,motion_blur_k7,2views_quality,datasets\processed\tandt\train\degraded\motion_blur_k7,results\method_outputs\colmap_sfm\tandt\train\motion_blur_k7\2views_quality,pending
e673f26dab2c,tandt/train,colmap_sfm,2,quality,exposure_under_0.6,2views_quality,datasets\processed\tandt\train\degraded\exposure_under_0.6,results\method_outputs\colmap_sfm\tandt\train\exposure_under_0.6\2views_quality,pending
58c64d2bfe25,tandt/train,colmap_sfm,3,uniform,clean,3views_uniform,datasets\raw\tandt\train\images,results\method_outputs\colmap_sfm\tandt\train\clean\3views_uniform,pending
549ed3fd818e,tandt/train,colmap_sfm,3,uniform,resize_50,3views_uniform,datasets\processed\tandt\train\degraded\resize_50,results\method_outputs\colmap_sfm\tandt\train\resize_50\3views_uniform,pending
915b1d825590,tandt/train,colmap_sfm,3,uniform,jpeg_q40,3views_uniform,datasets\processed\tandt\train\degraded\jpeg_q40,results\method_outputs\colmap_sfm\tandt\train\jpeg_q40\3views_uniform,pending
80c5aec21829,tandt/train,colmap_sfm,3,uniform,motion_blur_k7,3views_uniform,datasets\processed\tandt\train\degraded\motion_blur_k7,results\method_outputs\colmap_sfm\tandt\train\motion_blur_k7\3views_uniform,pending
0331549828fb,tandt/train,colmap_sfm,3,uniform,exposure_under_0.6,3views_uniform,datasets\processed\tandt\train\degraded\exposure_under_0.6,results\method_outputs\colmap_sfm\tandt\train\exposure_under_0.6\3views_uniform,pending
3c27299e187c,tandt/train,colmap_sfm,3,random,clean,3views_random,datasets\raw\tandt\train\images,results\method_outputs\colmap_sfm\tandt\train\clean\3views_random,pending
4d12c9fb74e2,tandt/train,colmap_sfm,3,random,resize_50,3views_random,datasets\processed\tandt\train\degraded\resize_50,results\method_outputs\colmap_sfm\tandt\train\resize_50\3views_random,pending
50f9979e07a7,tandt/train,colmap_sfm,3,random,jpeg_q40,3views_random,datasets\processed\tandt\train\degraded\jpeg_q40,results\method_outputs\colmap_sfm\tandt\train\jpeg_q40\3views_random,pending
ad9e232e4f39,tandt/train,colmap_sfm,3,random,motion_blur_k7,3views_random,datasets\processed\tandt\train\degraded\motion_blur_k7,results\method_outputs\colmap_sfm\tandt\train\motion_blur_k7\3views_random,pending
00d9869ca501,tandt/train,colmap_sfm,3,random,exposure_under_0.6,3views_random,datasets\processed\tandt\train\degraded\exposure_under_0.6,results\method_outputs\colmap_sfm\tandt\train\exposure_under_0.6\3views_random,pending
c492dba58fe8,tandt/train,colmap_sfm,3,quality,clean,3views_quality,datasets\raw\tandt\train\images,results\method_outputs\colmap_sfm\tandt\train\clean\3views_quality,pending
495f5aa80c3a,tandt/train,colmap_sfm,3,quality,resize_50,3views_quality,datasets\processed\tandt\train\degraded\resize_50,results\method_outputs\colmap_sfm\tandt\train\resize_50\3views_quality,pending
eadc1960ec5e,tandt/train,colmap_sfm,3,quality,jpeg_q40,3views_quality,datasets\processed\tandt\train\degraded\jpeg_q40,results\method_outputs\colmap_sfm\tandt\train\jpeg_q40\3views_quality,pending
e16843185c88,tandt/train,colmap_sfm,3,quality,motion_blur_k7,3views_quality,datasets\processed\tandt\train\degraded\motion_blur_k7,results\method_outputs\colmap_sfm\tandt\train\motion_blur_k7\3views_quality,pending
bfcdfce9027b,tandt/train,colmap_sfm,3,quality,exposure_under_0.6,3views_quality,datasets\processed\tandt\train\degraded\exposure_under_0.6,results\method_outputs\colmap_sfm\tandt\train\exposure_under_0.6\3views_quality,pending
ad4e9b5a48ec,tandt/train,colmap_sfm,5,uniform,clean,5views_uniform,datasets\raw\tandt\train\images,results\method_outputs\colmap_sfm\tandt\train\clean\5views_uniform,pending
6dfac5b5a3c7,tandt/train,colmap_sfm,5,uniform,resize_50,5views_uniform,datasets\processed\tandt\train\degraded\resize_50,results\method_outputs\colmap_sfm\tandt\train\resize_50\5views_uniform,pending
f34700c5cbfa,tandt/train,colmap_sfm,5,uniform,jpeg_q40,5views_uniform,datasets\processed\tandt\train\degraded\jpeg_q40,results\method_outputs\colmap_sfm\tandt\train\jpeg_q40\5views_uniform,pending
dfb94b14be41,tandt/train,colmap_sfm,5,uniform,motion_blur_k7,5views_uniform,datasets\processed\tandt\train\degraded\motion_blur_k7,results\method_outputs\colmap_sfm\tandt\train\motion_blur_k7\5views_uniform,pending
a2569dcf9d03,tandt/train,colmap_sfm,5,uniform,exposure_under_0.6,5views_uniform,datasets\processed\tandt\train\degraded\exposure_under_0.6,results\method_outputs\colmap_sfm\tandt\train\exposure_under_0.6\5views_uniform,pending
903bc5404e09,tandt/train,colmap_sfm,5,random,clean,5views_random,datasets\raw\tandt\train\images,results\method_outputs\colmap_sfm\tandt\train\clean\5views_random,pending
ecb5416c7245,tandt/train,colmap_sfm,5,random,resize_50,5views_random,datasets\processed\tandt\train\degraded\resize_50,results\method_outputs\colmap_sfm\tandt\train\resize_50\5views_random,pending
05dbc2cf4ea5,tandt/train,colmap_sfm,5,random,jpeg_q40,5views_random,datasets\processed\tandt\train\degraded\jpeg_q40,results\method_outputs\colmap_sfm\tandt\train\jpeg_q40\5views_random,pending
7b6641b18ad8,tandt/train,colmap_sfm,5,random,motion_blur_k7,5views_random,datasets\processed\tandt\train\degraded\motion_blur_k7,results\method_outputs\colmap_sfm\tandt\train\motion_blur_k7\5views_random,pending
49051c7fab9b,tandt/train,colmap_sfm,5,random,exposure_under_0.6,5views_random,datasets\processed\tandt\train\degraded\exposure_under_0.6,results\method_outputs\colmap_sfm\tandt\train\exposure_under_0.6\5views_random,pending
f18336e3da76,tandt/train,colmap_sfm,5,quality,clean,5views_quality,datasets\raw\tandt\train\images,results\method_outputs\colmap_sfm\tandt\train\clean\5views_quality,pending
0d40cae3b21b,tandt/train,colmap_sfm,5,quality,resize_50,5views_quality,datasets\processed\tandt\train\degraded\resize_50,results\method_outputs\colmap_sfm\tandt\train\resize_50\5views_quality,pending
9985fa90ad20,tandt/train,colmap_sfm,5,quality,jpeg_q40,5views_quality,datasets\processed\tandt\train\degraded\jpeg_q40,results\method_outputs\colmap_sfm\tandt\train\jpeg_q40\5views_quality,pending
ec87a2741fe3,tandt/train,colmap_sfm,5,quality,motion_blur_k7,5views_quality,datasets\processed\tandt\train\degraded\motion_blur_k7,results\method_outputs\colmap_sfm\tandt\train\motion_blur_k7\5views_quality,pending
5d4abe46d533,tandt/train,colmap_sfm,5,quality,exposure_under_0.6,5views_quality,datasets\processed\tandt\train\degraded\exposure_under_0.6,results\method_outputs\colmap_sfm\tandt\train\exposure_under_0.6\5views_quality,pending
302942311d76,tandt/train,colmap_sfm,8,uniform,clean,8views_uniform,datasets\raw\tandt\train\images,results\method_outputs\colmap_sfm\tandt\train\clean\8views_uniform,pending
dc88e50054e8,tandt/train,colmap_sfm,8,uniform,resize_50,8views_uniform,datasets\processed\tandt\train\degraded\resize_50,results\method_outputs\colmap_sfm\tandt\train\resize_50\8views_uniform,pending
112bb7a3a8ff,tandt/train,colmap_sfm,8,uniform,jpeg_q40,8views_uniform,datasets\processed\tandt\train\degraded\jpeg_q40,results\method_outputs\colmap_sfm\tandt\train\jpeg_q40\8views_uniform,pending
75de66647d8e,tandt/train,colmap_sfm,8,uniform,motion_blur_k7,8views_uniform,datasets\processed\tandt\train\degraded\motion_blur_k7,results\method_outputs\colmap_sfm\tandt\train\motion_blur_k7\8views_uniform,pending
26903974f1c4,tandt/train,colmap_sfm,8,uniform,exposure_under_0.6,8views_uniform,datasets\processed\tandt\train\degraded\exposure_under_0.6,results\method_outputs\colmap_sfm\tandt\train\exposure_under_0.6\8views_uniform,pending
7b1fccdbe75c,tandt/train,colmap_sfm,8,random,clean,8views_random,datasets\raw\tandt\train\images,results\method_outputs\colmap_sfm\tandt\train\clean\8views_random,pending
855a4315cc64,tandt/train,colmap_sfm,8,random,resize_50,8views_random,datasets\processed\tandt\train\degraded\resize_50,results\method_outputs\colmap_sfm\tandt\train\resize_50\8views_random,pending
baf9743e63ea,tandt/train,colmap_sfm,8,random,jpeg_q40,8views_random,datasets\processed\tandt\train\degraded\jpeg_q40,results\method_outputs\colmap_sfm\tandt\train\jpeg_q40\8views_random,pending
4cb73c55efe0,tandt/train,colmap_sfm,8,random,motion_blur_k7,8views_random,datasets\processed\tandt\train\degraded\motion_blur_k7,results\method_outputs\colmap_sfm\tandt\train\motion_blur_k7\8views_random,pending
38a82ba784a5,tandt/train,colmap_sfm,8,random,exposure_under_0.6,8views_random,datasets\processed\tandt\train\degraded\exposure_under_0.6,results\method_outputs\colmap_sfm\tandt\train\exposure_under_0.6\8views_random,pending
63c5662df151,tandt/train,colmap_sfm,8,quality,clean,8views_quality,datasets\raw\tandt\train\images,results\method_outputs\colmap_sfm\tandt\train\clean\8views_quality,pending
813b7de7fb67,tandt/train,colmap_sfm,8,quality,resize_50,8views_quality,datasets\processed\tandt\train\degraded\resize_50,results\method_outputs\colmap_sfm\tandt\train\resize_50\8views_quality,pending
d878ec875512,tandt/train,colmap_sfm,8,quality,jpeg_q40,8views_quality,datasets\processed\tandt\train\degraded\jpeg_q40,results\method_outputs\colmap_sfm\tandt\train\jpeg_q40\8views_quality,pending
072f75613a4d,tandt/train,colmap_sfm,8,quality,motion_blur_k7,8views_quality,datasets\processed\tandt\train\degraded\motion_blur_k7,results\method_outputs\colmap_sfm\tandt\train\motion_blur_k7\8views_quality,pending
67a5cf8c0834,tandt/train,colmap_sfm,8,quality,exposure_under_0.6,8views_quality,datasets\processed\tandt\train\degraded\exposure_under_0.6,results\method_outputs\colmap_sfm\tandt\train\exposure_under_0.6\8views_quality,pending
78fdbe496a58,tandt/train,colmap_sfm,12,uniform,clean,12views_uniform,datasets\raw\tandt\train\images,results\method_outputs\colmap_sfm\tandt\train\clean\12views_uniform,pending
23ac1077b264,tandt/train,colmap_sfm,12,uniform,resize_50,12views_uniform,datasets\processed\tandt\train\degraded\resize_50,results\method_outputs\colmap_sfm\tandt\train\resize_50\12views_uniform,pending
64308648bcfc,tandt/train,colmap_sfm,12,uniform,jpeg_q40,12views_uniform,datasets\processed\tandt\train\degraded\jpeg_q40,results\method_outputs\colmap_sfm\tandt\train\jpeg_q40\12views_uniform,pending
011ff2d28198,tandt/train,colmap_sfm,12,uniform,motion_blur_k7,12views_uniform,datasets\processed\tandt\train\degraded\motion_blur_k7,results\method_outputs\colmap_sfm\tandt\train\motion_blur_k7\12views_uniform,pending
2c6735101882,tandt/train,colmap_sfm,12,uniform,exposure_under_0.6,12views_uniform,datasets\processed\tandt\train\degraded\exposure_under_0.6,results\method_outputs\colmap_sfm\tandt\train\exposure_under_0.6\12views_uniform,pending
d32ed104ffbe,tandt/train,colmap_sfm,12,random,clean,12views_random,datasets\raw\tandt\train\images,results\method_outputs\colmap_sfm\tandt\train\clean\12views_random,pending
fa0351104b66,tandt/train,colmap_sfm,12,random,resize_50,12views_random,datasets\processed\tandt\train\degraded\resize_50,results\method_outputs\colmap_sfm\tandt\train\resize_50\12views_random,pending
a77eef97c6e8,tandt/train,colmap_sfm,12,random,jpeg_q40,12views_random,datasets\processed\tandt\train\degraded\jpeg_q40,results\method_outputs\colmap_sfm\tandt\train\jpeg_q40\12views_random,pending
08dd67b42128,tandt/train,colmap_sfm,12,random,motion_blur_k7,12views_random,datasets\processed\tandt\train\degraded\motion_blur_k7,results\method_outputs\colmap_sfm\tandt\train\motion_blur_k7\12views_random,pending
8a5d322030b7,tandt/train,colmap_sfm,12,random,exposure_under_0.6,12views_random,datasets\processed\tandt\train\degraded\exposure_under_0.6,results\method_outputs\colmap_sfm\tandt\train\exposure_under_0.6\12views_random,pending
f4b496635b11,tandt/train,colmap_sfm,12,quality,clean,12views_quality,datasets\raw\tandt\train\images,results\method_outputs\colmap_sfm\tandt\train\clean\12views_quality,pending
4b9bd17cf934,tandt/train,colmap_sfm,12,quality,resize_50,12views_quality,datasets\processed\tandt\train\degraded\resize_50,results\method_outputs\colmap_sfm\tandt\train\resize_50\12views_quality,pending
6f4de871e10e,tandt/train,colmap_sfm,12,quality,jpeg_q40,12views_quality,datasets\processed\tandt\train\degraded\jpeg_q40,results\method_outputs\colmap_sfm\tandt\train\jpeg_q40\12views_quality,pending
a78a90075dd9,tandt/train,colmap_sfm,12,quality,motion_blur_k7,12views_quality,datasets\processed\tandt\train\degraded\motion_blur_k7,results\method_outputs\colmap_sfm\tandt\train\motion_blur_k7\12views_quality,pending
0145d2ab1d85,tandt/train,colmap_sfm,12,quality,exposure_under_0.6,12views_quality,datasets\processed\tandt\train\degraded\exposure_under_0.6,results\method_outputs\colmap_sfm\tandt\train\exposure_under_0.6\12views_quality,pending
2b72a657d8e9,tandt/train,colmap_sfm,20,uniform,clean,20views_uniform,datasets\raw\tandt\train\images,results\method_outputs\colmap_sfm\tandt\train\clean\20views_uniform,pending
995343ffa395,tandt/train,colmap_sfm,20,uniform,resize_50,20views_uniform,datasets\processed\tandt\train\degraded\resize_50,results\method_outputs\colmap_sfm\tandt\train\resize_50\20views_uniform,pending
fa05921e3dbe,tandt/train,colmap_sfm,20,uniform,jpeg_q40,20views_uniform,datasets\processed\tandt\train\degraded\jpeg_q40,results\method_outputs\colmap_sfm\tandt\train\jpeg_q40\20views_uniform,pending
371980b3fe51,tandt/train,colmap_sfm,20,uniform,motion_blur_k7,20views_uniform,datasets\processed\tandt\train\degraded\motion_blur_k7,results\method_outputs\colmap_sfm\tandt\train\motion_blur_k7\20views_uniform,pending
150cf9ad0299,tandt/train,colmap_sfm,20,uniform,exposure_under_0.6,20views_uniform,datasets\processed\tandt\train\degraded\exposure_under_0.6,results\method_outputs\colmap_sfm\tandt\train\exposure_under_0.6\20views_uniform,pending
31802b332ef7,tandt/train,colmap_sfm,20,random,clean,20views_random,datasets\raw\tandt\train\images,results\method_outputs\colmap_sfm\tandt\train\clean\20views_random,pending
7fe42751c479,tandt/train,colmap_sfm,20,random,resize_50,20views_random,datasets\processed\tandt\train\degraded\resize_50,results\method_outputs\colmap_sfm\tandt\train\resize_50\20views_random,pending
0112aee2a208,tandt/train,colmap_sfm,20,random,jpeg_q40,20views_random,datasets\processed\tandt\train\degraded\jpeg_q40,results\method_outputs\colmap_sfm\tandt\train\jpeg_q40\20views_random,pending
7553fd74a73b,tandt/train,colmap_sfm,20,random,motion_blur_k7,20views_random,datasets\processed\tandt\train\degraded\motion_blur_k7,results\method_outputs\colmap_sfm\tandt\train\motion_blur_k7\20views_random,pending
497e4aa7f249,tandt/train,colmap_sfm,20,random,exposure_under_0.6,20views_random,datasets\processed\tandt\train\degraded\exposure_under_0.6,results\method_outputs\colmap_sfm\tandt\train\exposure_under_0.6\20views_random,pending
a4a88d382de3,tandt/train,colmap_sfm,20,quality,clean,20views_quality,datasets\raw\tandt\train\images,results\method_outputs\colmap_sfm\tandt\train\clean\20views_quality,pending
4bfd0b1b41e6,tandt/train,colmap_sfm,20,quality,resize_50,20views_quality,datasets\processed\tandt\train\degraded\resize_50,results\method_outputs\colmap_sfm\tandt\train\resize_50\20views_quality,pending
a16e4378afb9,tandt/train,colmap_sfm,20,quality,jpeg_q40,20views_quality,datasets\processed\tandt\train\degraded\jpeg_q40,results\method_outputs\colmap_sfm\tandt\train\jpeg_q40\20views_quality,pending
7648d0eae756,tandt/train,colmap_sfm,20,quality,motion_blur_k7,20views_quality,datasets\processed\tandt\train\degraded\motion_blur_k7,results\method_outputs\colmap_sfm\tandt\train\motion_blur_k7\20views_quality,pending
a3863b1d9727,tandt/train,colmap_sfm,20,quality,exposure_under_0.6,20views_quality,datasets\processed\tandt\train\degraded\exposure_under_0.6,results\method_outputs\colmap_sfm\tandt\train\exposure_under_0.6\20views_quality,pending
0834cc4711fa,tandt/train,vggt,2,uniform,clean,2views_uniform,datasets\raw\tandt\train\images,results\method_outputs\vggt\tandt\train\clean\2views_uniform,pending
1f79844d46ff,tandt/train,vggt,2,uniform,resize_50,2views_uniform,datasets\processed\tandt\train\degraded\resize_50,results\method_outputs\vggt\tandt\train\resize_50\2views_uniform,pending
52b81be9a3fd,tandt/train,vggt,2,uniform,jpeg_q40,2views_uniform,datasets\processed\tandt\train\degraded\jpeg_q40,results\method_outputs\vggt\tandt\train\jpeg_q40\2views_uniform,pending
b17a56b8b387,tandt/train,vggt,2,uniform,motion_blur_k7,2views_uniform,datasets\processed\tandt\train\degraded\motion_blur_k7,results\method_outputs\vggt\tandt\train\motion_blur_k7\2views_uniform,pending
0e9bce1bba44,tandt/train,vggt,2,uniform,exposure_under_0.6,2views_uniform,datasets\processed\tandt\train\degraded\exposure_under_0.6,results\method_outputs\vggt\tandt\train\exposure_under_0.6\2views_uniform,pending
91a07258752e,tandt/train,vggt,2,random,clean,2views_random,datasets\raw\tandt\train\images,results\method_outputs\vggt\tandt\train\clean\2views_random,pending
74f9126b3e34,tandt/train,vggt,2,random,resize_50,2views_random,datasets\processed\tandt\train\degraded\resize_50,results\method_outputs\vggt\tandt\train\resize_50\2views_random,pending
cac4d1f9677e,tandt/train,vggt,2,random,jpeg_q40,2views_random,datasets\processed\tandt\train\degraded\jpeg_q40,results\method_outputs\vggt\tandt\train\jpeg_q40\2views_random,pending
8f514e378440,tandt/train,vggt,2,random,motion_blur_k7,2views_random,datasets\processed\tandt\train\degraded\motion_blur_k7,results\method_outputs\vggt\tandt\train\motion_blur_k7\2views_random,pending
3e577a67a5c8,tandt/train,vggt,2,random,exposure_under_0.6,2views_random,datasets\processed\tandt\train\degraded\exposure_under_0.6,results\method_outputs\vggt\tandt\train\exposure_under_0.6\2views_random,pending
4798ec7aa76d,tandt/train,vggt,2,quality,clean,2views_quality,datasets\raw\tandt\train\images,results\method_outputs\vggt\tandt\train\clean\2views_quality,pending
61098eb09e08,tandt/train,vggt,2,quality,resize_50,2views_quality,datasets\processed\tandt\train\degraded\resize_50,results\method_outputs\vggt\tandt\train\resize_50\2views_quality,pending
8deff863e3df,tandt/train,vggt,2,quality,jpeg_q40,2views_quality,datasets\processed\tandt\train\degraded\jpeg_q40,results\method_outputs\vggt\tandt\train\jpeg_q40\2views_quality,pending
28eb6c2dd18d,tandt/train,vggt,2,quality,motion_blur_k7,2views_quality,datasets\processed\tandt\train\degraded\motion_blur_k7,results\method_outputs\vggt\tandt\train\motion_blur_k7\2views_quality,pending
46932db097d3,tandt/train,vggt,2,quality,exposure_under_0.6,2views_quality,datasets\processed\tandt\train\degraded\exposure_under_0.6,results\method_outputs\vggt\tandt\train\exposure_under_0.6\2views_quality,pending
0a100bb940ba,tandt/train,vggt,3,uniform,clean,3views_uniform,datasets\raw\tandt\train\images,results\method_outputs\vggt\tandt\train\clean\3views_uniform,pending
39aa399d2231,tandt/train,vggt,3,uniform,resize_50,3views_uniform,datasets\processed\tandt\train\degraded\resize_50,results\method_outputs\vggt\tandt\train\resize_50\3views_uniform,pending
34e4071a8120,tandt/train,vggt,3,uniform,jpeg_q40,3views_uniform,datasets\processed\tandt\train\degraded\jpeg_q40,results\method_outputs\vggt\tandt\train\jpeg_q40\3views_uniform,pending
ae8bf5b44996,tandt/train,vggt,3,uniform,motion_blur_k7,3views_uniform,datasets\processed\tandt\train\degraded\motion_blur_k7,results\method_outputs\vggt\tandt\train\motion_blur_k7\3views_uniform,pending
0c297f735c95,tandt/train,vggt,3,uniform,exposure_under_0.6,3views_uniform,datasets\processed\tandt\train\degraded\exposure_under_0.6,results\method_outputs\vggt\tandt\train\exposure_under_0.6\3views_uniform,pending
5d9dc706538b,tandt/train,vggt,3,random,clean,3views_random,datasets\raw\tandt\train\images,results\method_outputs\vggt\tandt\train\clean\3views_random,pending
89ca830c18d1,tandt/train,vggt,3,random,resize_50,3views_random,datasets\processed\tandt\train\degraded\resize_50,results\method_outputs\vggt\tandt\train\resize_50\3views_random,pending
58e477d77263,tandt/train,vggt,3,random,jpeg_q40,3views_random,datasets\processed\tandt\train\degraded\jpeg_q40,results\method_outputs\vggt\tandt\train\jpeg_q40\3views_random,pending
2de8ae206074,tandt/train,vggt,3,random,motion_blur_k7,3views_random,datasets\processed\tandt\train\degraded\motion_blur_k7,results\method_outputs\vggt\tandt\train\motion_blur_k7\3views_random,pending
e7677f84f3b7,tandt/train,vggt,3,random,exposure_under_0.6,3views_random,datasets\processed\tandt\train\degraded\exposure_under_0.6,results\method_outputs\vggt\tandt\train\exposure_under_0.6\3views_random,pending
01de14ce947f,tandt/train,vggt,3,quality,clean,3views_quality,datasets\raw\tandt\train\images,results\method_outputs\vggt\tandt\train\clean\3views_quality,pending
cfc325c90ede,tandt/train,vggt,3,quality,resize_50,3views_quality,datasets\processed\tandt\train\degraded\resize_50,results\method_outputs\vggt\tandt\train\resize_50\3views_quality,pending
62bf4a69f092,tandt/train,vggt,3,quality,jpeg_q40,3views_quality,datasets\processed\tandt\train\degraded\jpeg_q40,results\method_outputs\vggt\tandt\train\jpeg_q40\3views_quality,pending
b3faf8339de7,tandt/train,vggt,3,quality,motion_blur_k7,3views_quality,datasets\processed\tandt\train\degraded\motion_blur_k7,results\method_outputs\vggt\tandt\train\motion_blur_k7\3views_quality,pending
b8392bdb9f4a,tandt/train,vggt,3,quality,exposure_under_0.6,3views_quality,datasets\processed\tandt\train\degraded\exposure_under_0.6,results\method_outputs\vggt\tandt\train\exposure_under_0.6\3views_quality,pending
50c2531083ba,tandt/train,vggt,5,uniform,clean,5views_uniform,datasets\raw\tandt\train\images,results\method_outputs\vggt\tandt\train\clean\5views_uniform,pending
0ea3fb67d160,tandt/train,vggt,5,uniform,resize_50,5views_uniform,datasets\processed\tandt\train\degraded\resize_50,results\method_outputs\vggt\tandt\train\resize_50\5views_uniform,pending
f4287a915a95,tandt/train,vggt,5,uniform,jpeg_q40,5views_uniform,datasets\processed\tandt\train\degraded\jpeg_q40,results\method_outputs\vggt\tandt\train\jpeg_q40\5views_uniform,pending
99354e7b39ae,tandt/train,vggt,5,uniform,motion_blur_k7,5views_uniform,datasets\processed\tandt\train\degraded\motion_blur_k7,results\method_outputs\vggt\tandt\train\motion_blur_k7\5views_uniform,pending
0b9e32cd4cb9,tandt/train,vggt,5,uniform,exposure_under_0.6,5views_uniform,datasets\processed\tandt\train\degraded\exposure_under_0.6,results\method_outputs\vggt\tandt\train\exposure_under_0.6\5views_uniform,pending
c0236a5ec017,tandt/train,vggt,5,random,clean,5views_random,datasets\raw\tandt\train\images,results\method_outputs\vggt\tandt\train\clean\5views_random,pending
a0b6074f230b,tandt/train,vggt,5,random,resize_50,5views_random,datasets\processed\tandt\train\degraded\resize_50,results\method_outputs\vggt\tandt\train\resize_50\5views_random,pending
581e5bc8a1f3,tandt/train,vggt,5,random,jpeg_q40,5views_random,datasets\processed\tandt\train\degraded\jpeg_q40,results\method_outputs\vggt\tandt\train\jpeg_q40\5views_random,pending
5a70215d3286,tandt/train,vggt,5,random,motion_blur_k7,5views_random,datasets\processed\tandt\train\degraded\motion_blur_k7,results\method_outputs\vggt\tandt\train\motion_blur_k7\5views_random,pending
6bf6f02cd5e5,tandt/train,vggt,5,random,exposure_under_0.6,5views_random,datasets\processed\tandt\train\degraded\exposure_under_0.6,results\method_outputs\vggt\tandt\train\exposure_under_0.6\5views_random,pending
fe3c3820bfdb,tandt/train,vggt,5,quality,clean,5views_quality,datasets\raw\tandt\train\images,results\method_outputs\vggt\tandt\train\clean\5views_quality,pending
34ca496fb6d5,tandt/train,vggt,5,quality,resize_50,5views_quality,datasets\processed\tandt\train\degraded\resize_50,results\method_outputs\vggt\tandt\train\resize_50\5views_quality,pending
f5f149138008,tandt/train,vggt,5,quality,jpeg_q40,5views_quality,datasets\processed\tandt\train\degraded\jpeg_q40,results\method_outputs\vggt\tandt\train\jpeg_q40\5views_quality,pending
c5ec68fd9fbc,tandt/train,vggt,5,quality,motion_blur_k7,5views_quality,datasets\processed\tandt\train\degraded\motion_blur_k7,results\method_outputs\vggt\tandt\train\motion_blur_k7\5views_quality,pending
5e0abb51bd65,tandt/train,vggt,5,quality,exposure_under_0.6,5views_quality,datasets\processed\tandt\train\degraded\exposure_under_0.6,results\method_outputs\vggt\tandt\train\exposure_under_0.6\5views_quality,pending
9f8f031980de,tandt/train,vggt,8,uniform,clean,8views_uniform,datasets\raw\tandt\train\images,results\method_outputs\vggt\tandt\train\clean\8views_uniform,pending
e71f74bec00a,tandt/train,vggt,8,uniform,resize_50,8views_uniform,datasets\processed\tandt\train\degraded\resize_50,results\method_outputs\vggt\tandt\train\resize_50\8views_uniform,pending
4079604a4038,tandt/train,vggt,8,uniform,jpeg_q40,8views_uniform,datasets\processed\tandt\train\degraded\jpeg_q40,results\method_outputs\vggt\tandt\train\jpeg_q40\8views_uniform,pending
ac7be665a1ab,tandt/train,vggt,8,uniform,motion_blur_k7,8views_uniform,datasets\processed\tandt\train\degraded\motion_blur_k7,results\method_outputs\vggt\tandt\train\motion_blur_k7\8views_uniform,pending
bc98f0aefe55,tandt/train,vggt,8,uniform,exposure_under_0.6,8views_uniform,datasets\processed\tandt\train\degraded\exposure_under_0.6,results\method_outputs\vggt\tandt\train\exposure_under_0.6\8views_uniform,pending
fefbd95858d4,tandt/train,vggt,8,random,clean,8views_random,datasets\raw\tandt\train\images,results\method_outputs\vggt\tandt\train\clean\8views_random,pending
c39fc9a0c6d3,tandt/train,vggt,8,random,resize_50,8views_random,datasets\processed\tandt\train\degraded\resize_50,results\method_outputs\vggt\tandt\train\resize_50\8views_random,pending
4b9d857934dd,tandt/train,vggt,8,random,jpeg_q40,8views_random,datasets\processed\tandt\train\degraded\jpeg_q40,results\method_outputs\vggt\tandt\train\jpeg_q40\8views_random,pending
60418f1cce11,tandt/train,vggt,8,random,motion_blur_k7,8views_random,datasets\processed\tandt\train\degraded\motion_blur_k7,results\method_outputs\vggt\tandt\train\motion_blur_k7\8views_random,pending
4019087c58ed,tandt/train,vggt,8,random,exposure_under_0.6,8views_random,datasets\processed\tandt\train\degraded\exposure_under_0.6,results\method_outputs\vggt\tandt\train\exposure_under_0.6\8views_random,pending
7e051a310094,tandt/train,vggt,8,quality,clean,8views_quality,datasets\raw\tandt\train\images,results\method_outputs\vggt\tandt\train\clean\8views_quality,pending
5e60ec0845cc,tandt/train,vggt,8,quality,resize_50,8views_quality,datasets\processed\tandt\train\degraded\resize_50,results\method_outputs\vggt\tandt\train\resize_50\8views_quality,pending
ec16b75a5fff,tandt/train,vggt,8,quality,jpeg_q40,8views_quality,datasets\processed\tandt\train\degraded\jpeg_q40,results\method_outputs\vggt\tandt\train\jpeg_q40\8views_quality,pending
f3c3fb658bc6,tandt/train,vggt,8,quality,motion_blur_k7,8views_quality,datasets\processed\tandt\train\degraded\motion_blur_k7,results\method_outputs\vggt\tandt\train\motion_blur_k7\8views_quality,pending
c91b52764674,tandt/train,vggt,8,quality,exposure_under_0.6,8views_quality,datasets\processed\tandt\train\degraded\exposure_under_0.6,results\method_outputs\vggt\tandt\train\exposure_under_0.6\8views_quality,pending
92b995574986,tandt/train,vggt,12,uniform,clean,12views_uniform,datasets\raw\tandt\train\images,results\method_outputs\vggt\tandt\train\clean\12views_uniform,pending
277b926eeaf5,tandt/train,vggt,12,uniform,resize_50,12views_uniform,datasets\processed\tandt\train\degraded\resize_50,results\method_outputs\vggt\tandt\train\resize_50\12views_uniform,pending
aa42404688e9,tandt/train,vggt,12,uniform,jpeg_q40,12views_uniform,datasets\processed\tandt\train\degraded\jpeg_q40,results\method_outputs\vggt\tandt\train\jpeg_q40\12views_uniform,pending
3310241ac4ad,tandt/train,vggt,12,uniform,motion_blur_k7,12views_uniform,datasets\processed\tandt\train\degraded\motion_blur_k7,results\method_outputs\vggt\tandt\train\motion_blur_k7\12views_uniform,pending
6d42b150ff60,tandt/train,vggt,12,uniform,exposure_under_0.6,12views_uniform,datasets\processed\tandt\train\degraded\exposure_under_0.6,results\method_outputs\vggt\tandt\train\exposure_under_0.6\12views_uniform,pending
c2146cd6a738,tandt/train,vggt,12,random,clean,12views_random,datasets\raw\tandt\train\images,results\method_outputs\vggt\tandt\train\clean\12views_random,pending
0cd69e0935a8,tandt/train,vggt,12,random,resize_50,12views_random,datasets\processed\tandt\train\degraded\resize_50,results\method_outputs\vggt\tandt\train\resize_50\12views_random,pending
d5ad935c21a5,tandt/train,vggt,12,random,jpeg_q40,12views_random,datasets\processed\tandt\train\degraded\jpeg_q40,results\method_outputs\vggt\tandt\train\jpeg_q40\12views_random,pending
9b570a1251a6,tandt/train,vggt,12,random,motion_blur_k7,12views_random,datasets\processed\tandt\train\degraded\motion_blur_k7,results\method_outputs\vggt\tandt\train\motion_blur_k7\12views_random,pending
f88efe003d5e,tandt/train,vggt,12,random,exposure_under_0.6,12views_random,datasets\processed\tandt\train\degraded\exposure_under_0.6,results\method_outputs\vggt\tandt\train\exposure_under_0.6\12views_random,pending
c0630fa97de5,tandt/train,vggt,12,quality,clean,12views_quality,datasets\raw\tandt\train\images,results\method_outputs\vggt\tandt\train\clean\12views_quality,pending
4b235ca96b10,tandt/train,vggt,12,quality,resize_50,12views_quality,datasets\processed\tandt\train\degraded\resize_50,results\method_outputs\vggt\tandt\train\resize_50\12views_quality,pending
92a56db19bd7,tandt/train,vggt,12,quality,jpeg_q40,12views_quality,datasets\processed\tandt\train\degraded\jpeg_q40,results\method_outputs\vggt\tandt\train\jpeg_q40\12views_quality,pending
cab0c094d406,tandt/train,vggt,12,quality,motion_blur_k7,12views_quality,datasets\processed\tandt\train\degraded\motion_blur_k7,results\method_outputs\vggt\tandt\train\motion_blur_k7\12views_quality,pending
828ec68ee09c,tandt/train,vggt,12,quality,exposure_under_0.6,12views_quality,datasets\processed\tandt\train\degraded\exposure_under_0.6,results\method_outputs\vggt\tandt\train\exposure_under_0.6\12views_quality,pending
1492c87018b6,tandt/train,vggt,20,uniform,clean,20views_uniform,datasets\raw\tandt\train\images,results\method_outputs\vggt\tandt\train\clean\20views_uniform,pending
8255573d71eb,tandt/train,vggt,20,uniform,resize_50,20views_uniform,datasets\processed\tandt\train\degraded\resize_50,results\method_outputs\vggt\tandt\train\resize_50\20views_uniform,pending
c042895df5b3,tandt/train,vggt,20,uniform,jpeg_q40,20views_uniform,datasets\processed\tandt\train\degraded\jpeg_q40,results\method_outputs\vggt\tandt\train\jpeg_q40\20views_uniform,pending
a34a49609d02,tandt/train,vggt,20,uniform,motion_blur_k7,20views_uniform,datasets\processed\tandt\train\degraded\motion_blur_k7,results\method_outputs\vggt\tandt\train\motion_blur_k7\20views_uniform,pending
4725340c8bfb,tandt/train,vggt,20,uniform,exposure_under_0.6,20views_uniform,datasets\processed\tandt\train\degraded\exposure_under_0.6,results\method_outputs\vggt\tandt\train\exposure_under_0.6\20views_uniform,pending
050ee455bc37,tandt/train,vggt,20,random,clean,20views_random,datasets\raw\tandt\train\images,results\method_outputs\vggt\tandt\train\clean\20views_random,pending
4fe8fd41a494,tandt/train,vggt,20,random,resize_50,20views_random,datasets\processed\tandt\train\degraded\resize_50,results\method_outputs\vggt\tandt\train\resize_50\20views_random,pending
aa8ee2228c9e,tandt/train,vggt,20,random,jpeg_q40,20views_random,datasets\processed\tandt\train\degraded\jpeg_q40,results\method_outputs\vggt\tandt\train\jpeg_q40\20views_random,pending
240cf31c3d2f,tandt/train,vggt,20,random,motion_blur_k7,20views_random,datasets\processed\tandt\train\degraded\motion_blur_k7,results\method_outputs\vggt\tandt\train\motion_blur_k7\20views_random,pending
65ab53d121d4,tandt/train,vggt,20,random,exposure_under_0.6,20views_random,datasets\processed\tandt\train\degraded\exposure_under_0.6,results\method_outputs\vggt\tandt\train\exposure_under_0.6\20views_random,pending
b5adf528260f,tandt/train,vggt,20,quality,clean,20views_quality,datasets\raw\tandt\train\images,results\method_outputs\vggt\tandt\train\clean\20views_quality,pending
8055e85ad932,tandt/train,vggt,20,quality,resize_50,20views_quality,datasets\processed\tandt\train\degraded\resize_50,results\method_outputs\vggt\tandt\train\resize_50\20views_quality,pending
5590fe9e7d7f,tandt/train,vggt,20,quality,jpeg_q40,20views_quality,datasets\processed\tandt\train\degraded\jpeg_q40,results\method_outputs\vggt\tandt\train\jpeg_q40\20views_quality,pending
98ef2eccfe3e,tandt/train,vggt,20,quality,motion_blur_k7,20views_quality,datasets\processed\tandt\train\degraded\motion_blur_k7,results\method_outputs\vggt\tandt\train\motion_blur_k7\20views_quality,pending
4c40e53cc24c,tandt/train,vggt,20,quality,exposure_under_0.6,20views_quality,datasets\processed\tandt\train\degraded\exposure_under_0.6,results\method_outputs\vggt\tandt\train\exposure_under_0.6\20views_quality,pending
e07ef3193976,tandt/train,instantsplat,2,uniform,clean,2views_uniform,datasets\raw\tandt\train\images,results\method_outputs\instantsplat\tandt\train\clean\2views_uniform,pending
1e8cee6edacb,tandt/train,instantsplat,2,uniform,resize_50,2views_uniform,datasets\processed\tandt\train\degraded\resize_50,results\method_outputs\instantsplat\tandt\train\resize_50\2views_uniform,pending
bb0a35ec5c6b,tandt/train,instantsplat,2,uniform,jpeg_q40,2views_uniform,datasets\processed\tandt\train\degraded\jpeg_q40,results\method_outputs\instantsplat\tandt\train\jpeg_q40\2views_uniform,pending
149dc87027fa,tandt/train,instantsplat,2,uniform,motion_blur_k7,2views_uniform,datasets\processed\tandt\train\degraded\motion_blur_k7,results\method_outputs\instantsplat\tandt\train\motion_blur_k7\2views_uniform,pending
9278179610ee,tandt/train,instantsplat,2,uniform,exposure_under_0.6,2views_uniform,datasets\processed\tandt\train\degraded\exposure_under_0.6,results\method_outputs\instantsplat\tandt\train\exposure_under_0.6\2views_uniform,pending
152fb1fed46b,tandt/train,instantsplat,2,random,clean,2views_random,datasets\raw\tandt\train\images,results\method_outputs\instantsplat\tandt\train\clean\2views_random,pending
1177ff9fb1bc,tandt/train,instantsplat,2,random,resize_50,2views_random,datasets\processed\tandt\train\degraded\resize_50,results\method_outputs\instantsplat\tandt\train\resize_50\2views_random,pending
8f36fef71fa2,tandt/train,instantsplat,2,random,jpeg_q40,2views_random,datasets\processed\tandt\train\degraded\jpeg_q40,results\method_outputs\instantsplat\tandt\train\jpeg_q40\2views_random,pending
b746a9a56c79,tandt/train,instantsplat,2,random,motion_blur_k7,2views_random,datasets\processed\tandt\train\degraded\motion_blur_k7,results\method_outputs\instantsplat\tandt\train\motion_blur_k7\2views_random,pending
8981c2097612,tandt/train,instantsplat,2,random,exposure_under_0.6,2views_random,datasets\processed\tandt\train\degraded\exposure_under_0.6,results\method_outputs\instantsplat\tandt\train\exposure_under_0.6\2views_random,pending
27c3a7d76234,tandt/train,instantsplat,2,quality,clean,2views_quality,datasets\raw\tandt\train\images,results\method_outputs\instantsplat\tandt\train\clean\2views_quality,pending
9f4f89ce04b3,tandt/train,instantsplat,2,quality,resize_50,2views_quality,datasets\processed\tandt\train\degraded\resize_50,results\method_outputs\instantsplat\tandt\train\resize_50\2views_quality,pending
02c8ab566d85,tandt/train,instantsplat,2,quality,jpeg_q40,2views_quality,datasets\processed\tandt\train\degraded\jpeg_q40,results\method_outputs\instantsplat\tandt\train\jpeg_q40\2views_quality,pending
6cd07727e46a,tandt/train,instantsplat,2,quality,motion_blur_k7,2views_quality,datasets\processed\tandt\train\degraded\motion_blur_k7,results\method_outputs\instantsplat\tandt\train\motion_blur_k7\2views_quality,pending
b949f06c7e7f,tandt/train,instantsplat,2,quality,exposure_under_0.6,2views_quality,datasets\processed\tandt\train\degraded\exposure_under_0.6,results\method_outputs\instantsplat\tandt\train\exposure_under_0.6\2views_quality,pending
54d2d88becab,tandt/train,instantsplat,3,uniform,clean,3views_uniform,datasets\raw\tandt\train\images,results\method_outputs\instantsplat\tandt\train\clean\3views_uniform,pending
6f7b73c2b1e4,tandt/train,instantsplat,3,uniform,resize_50,3views_uniform,datasets\processed\tandt\train\degraded\resize_50,results\method_outputs\instantsplat\tandt\train\resize_50\3views_uniform,pending
2712c23ced9d,tandt/train,instantsplat,3,uniform,jpeg_q40,3views_uniform,datasets\processed\tandt\train\degraded\jpeg_q40,results\method_outputs\instantsplat\tandt\train\jpeg_q40\3views_uniform,pending
e1cabcfb03f6,tandt/train,instantsplat,3,uniform,motion_blur_k7,3views_uniform,datasets\processed\tandt\train\degraded\motion_blur_k7,results\method_outputs\instantsplat\tandt\train\motion_blur_k7\3views_uniform,pending
218a2dc1e806,tandt/train,instantsplat,3,uniform,exposure_under_0.6,3views_uniform,datasets\processed\tandt\train\degraded\exposure_under_0.6,results\method_outputs\instantsplat\tandt\train\exposure_under_0.6\3views_uniform,pending
7683d2e3bd1f,tandt/train,instantsplat,3,random,clean,3views_random,datasets\raw\tandt\train\images,results\method_outputs\instantsplat\tandt\train\clean\3views_random,pending
ee7d34238a34,tandt/train,instantsplat,3,random,resize_50,3views_random,datasets\processed\tandt\train\degraded\resize_50,results\method_outputs\instantsplat\tandt\train\resize_50\3views_random,pending
49d03f3e3ce9,tandt/train,instantsplat,3,random,jpeg_q40,3views_random,datasets\processed\tandt\train\degraded\jpeg_q40,results\method_outputs\instantsplat\tandt\train\jpeg_q40\3views_random,pending
f0e94d471bf0,tandt/train,instantsplat,3,random,motion_blur_k7,3views_random,datasets\processed\tandt\train\degraded\motion_blur_k7,results\method_outputs\instantsplat\tandt\train\motion_blur_k7\3views_random,pending
e66bdb974ac9,tandt/train,instantsplat,3,random,exposure_under_0.6,3views_random,datasets\processed\tandt\train\degraded\exposure_under_0.6,results\method_outputs\instantsplat\tandt\train\exposure_under_0.6\3views_random,pending
15c35955eaac,tandt/train,instantsplat,3,quality,clean,3views_quality,datasets\raw\tandt\train\images,results\method_outputs\instantsplat\tandt\train\clean\3views_quality,pending
443c387c1ff2,tandt/train,instantsplat,3,quality,resize_50,3views_quality,datasets\processed\tandt\train\degraded\resize_50,results\method_outputs\instantsplat\tandt\train\resize_50\3views_quality,pending
1bb0a3bdcf91,tandt/train,instantsplat,3,quality,jpeg_q40,3views_quality,datasets\processed\tandt\train\degraded\jpeg_q40,results\method_outputs\instantsplat\tandt\train\jpeg_q40\3views_quality,pending
144abb313733,tandt/train,instantsplat,3,quality,motion_blur_k7,3views_quality,datasets\processed\tandt\train\degraded\motion_blur_k7,results\method_outputs\instantsplat\tandt\train\motion_blur_k7\3views_quality,pending
c001ff02f5b3,tandt/train,instantsplat,3,quality,exposure_under_0.6,3views_quality,datasets\processed\tandt\train\degraded\exposure_under_0.6,results\method_outputs\instantsplat\tandt\train\exposure_under_0.6\3views_quality,pending
daff50b2f71a,tandt/train,instantsplat,5,uniform,clean,5views_uniform,datasets\raw\tandt\train\images,results\method_outputs\instantsplat\tandt\train\clean\5views_uniform,pending
c8525fc96791,tandt/train,instantsplat,5,uniform,resize_50,5views_uniform,datasets\processed\tandt\train\degraded\resize_50,results\method_outputs\instantsplat\tandt\train\resize_50\5views_uniform,pending
8be14854643f,tandt/train,instantsplat,5,uniform,jpeg_q40,5views_uniform,datasets\processed\tandt\train\degraded\jpeg_q40,results\method_outputs\instantsplat\tandt\train\jpeg_q40\5views_uniform,pending
a3c309232571,tandt/train,instantsplat,5,uniform,motion_blur_k7,5views_uniform,datasets\processed\tandt\train\degraded\motion_blur_k7,results\method_outputs\instantsplat\tandt\train\motion_blur_k7\5views_uniform,pending
86fdc1f8059b,tandt/train,instantsplat,5,uniform,exposure_under_0.6,5views_uniform,datasets\processed\tandt\train\degraded\exposure_under_0.6,results\method_outputs\instantsplat\tandt\train\exposure_under_0.6\5views_uniform,pending
951ea7f48315,tandt/train,instantsplat,5,random,clean,5views_random,datasets\raw\tandt\train\images,results\method_outputs\instantsplat\tandt\train\clean\5views_random,pending
d9c9aeccc3ff,tandt/train,instantsplat,5,random,resize_50,5views_random,datasets\processed\tandt\train\degraded\resize_50,results\method_outputs\instantsplat\tandt\train\resize_50\5views_random,pending
e8d5f718c029,tandt/train,instantsplat,5,random,jpeg_q40,5views_random,datasets\processed\tandt\train\degraded\jpeg_q40,results\method_outputs\instantsplat\tandt\train\jpeg_q40\5views_random,pending
d2f125858cec,tandt/train,instantsplat,5,random,motion_blur_k7,5views_random,datasets\processed\tandt\train\degraded\motion_blur_k7,results\method_outputs\instantsplat\tandt\train\motion_blur_k7\5views_random,pending
2668f3984875,tandt/train,instantsplat,5,random,exposure_under_0.6,5views_random,datasets\processed\tandt\train\degraded\exposure_under_0.6,results\method_outputs\instantsplat\tandt\train\exposure_under_0.6\5views_random,pending
a877d6c1eaf7,tandt/train,instantsplat,5,quality,clean,5views_quality,datasets\raw\tandt\train\images,results\method_outputs\instantsplat\tandt\train\clean\5views_quality,pending
cddbc1f3ec3b,tandt/train,instantsplat,5,quality,resize_50,5views_quality,datasets\processed\tandt\train\degraded\resize_50,results\method_outputs\instantsplat\tandt\train\resize_50\5views_quality,pending
5c36649a9cee,tandt/train,instantsplat,5,quality,jpeg_q40,5views_quality,datasets\processed\tandt\train\degraded\jpeg_q40,results\method_outputs\instantsplat\tandt\train\jpeg_q40\5views_quality,pending
92bc0fa3dfd7,tandt/train,instantsplat,5,quality,motion_blur_k7,5views_quality,datasets\processed\tandt\train\degraded\motion_blur_k7,results\method_outputs\instantsplat\tandt\train\motion_blur_k7\5views_quality,pending
dcfb2cb46fbb,tandt/train,instantsplat,5,quality,exposure_under_0.6,5views_quality,datasets\processed\tandt\train\degraded\exposure_under_0.6,results\method_outputs\instantsplat\tandt\train\exposure_under_0.6\5views_quality,pending
e693c68f50b7,tandt/train,instantsplat,8,uniform,clean,8views_uniform,datasets\raw\tandt\train\images,results\method_outputs\instantsplat\tandt\train\clean\8views_uniform,pending
76af86d627c4,tandt/train,instantsplat,8,uniform,resize_50,8views_uniform,datasets\processed\tandt\train\degraded\resize_50,results\method_outputs\instantsplat\tandt\train\resize_50\8views_uniform,pending
dbacbaa13d22,tandt/train,instantsplat,8,uniform,jpeg_q40,8views_uniform,datasets\processed\tandt\train\degraded\jpeg_q40,results\method_outputs\instantsplat\tandt\train\jpeg_q40\8views_uniform,pending
8c323a437938,tandt/train,instantsplat,8,uniform,motion_blur_k7,8views_uniform,datasets\processed\tandt\train\degraded\motion_blur_k7,results\method_outputs\instantsplat\tandt\train\motion_blur_k7\8views_uniform,pending
82db364e1ae2,tandt/train,instantsplat,8,uniform,exposure_under_0.6,8views_uniform,datasets\processed\tandt\train\degraded\exposure_under_0.6,results\method_outputs\instantsplat\tandt\train\exposure_under_0.6\8views_uniform,pending
3c04a0afd78b,tandt/train,instantsplat,8,random,clean,8views_random,datasets\raw\tandt\train\images,results\method_outputs\instantsplat\tandt\train\clean\8views_random,pending
4302b3e55657,tandt/train,instantsplat,8,random,resize_50,8views_random,datasets\processed\tandt\train\degraded\resize_50,results\method_outputs\instantsplat\tandt\train\resize_50\8views_random,pending
cd6b52754abf,tandt/train,instantsplat,8,random,jpeg_q40,8views_random,datasets\processed\tandt\train\degraded\jpeg_q40,results\method_outputs\instantsplat\tandt\train\jpeg_q40\8views_random,pending
197b8cafb1eb,tandt/train,instantsplat,8,random,motion_blur_k7,8views_random,datasets\processed\tandt\train\degraded\motion_blur_k7,results\method_outputs\instantsplat\tandt\train\motion_blur_k7\8views_random,pending
625b74bd88fd,tandt/train,instantsplat,8,random,exposure_under_0.6,8views_random,datasets\processed\tandt\train\degraded\exposure_under_0.6,results\method_outputs\instantsplat\tandt\train\exposure_under_0.6\8views_random,pending
0f7565cbec01,tandt/train,instantsplat,8,quality,clean,8views_quality,datasets\raw\tandt\train\images,results\method_outputs\instantsplat\tandt\train\clean\8views_quality,pending
d75aeeeea8a4,tandt/train,instantsplat,8,quality,resize_50,8views_quality,datasets\processed\tandt\train\degraded\resize_50,results\method_outputs\instantsplat\tandt\train\resize_50\8views_quality,pending
aa561acc8000,tandt/train,instantsplat,8,quality,jpeg_q40,8views_quality,datasets\processed\tandt\train\degraded\jpeg_q40,results\method_outputs\instantsplat\tandt\train\jpeg_q40\8views_quality,pending
0da8341ff00b,tandt/train,instantsplat,8,quality,motion_blur_k7,8views_quality,datasets\processed\tandt\train\degraded\motion_blur_k7,results\method_outputs\instantsplat\tandt\train\motion_blur_k7\8views_quality,pending
68c469c610c7,tandt/train,instantsplat,8,quality,exposure_under_0.6,8views_quality,datasets\processed\tandt\train\degraded\exposure_under_0.6,results\method_outputs\instantsplat\tandt\train\exposure_under_0.6\8views_quality,pending
7b863a58f295,tandt/train,instantsplat,12,uniform,clean,12views_uniform,datasets\raw\tandt\train\images,results\method_outputs\instantsplat\tandt\train\clean\12views_uniform,pending
fff55bd5b892,tandt/train,instantsplat,12,uniform,resize_50,12views_uniform,datasets\processed\tandt\train\degraded\resize_50,results\method_outputs\instantsplat\tandt\train\resize_50\12views_uniform,pending
e9841422b6a3,tandt/train,instantsplat,12,uniform,jpeg_q40,12views_uniform,datasets\processed\tandt\train\degraded\jpeg_q40,results\method_outputs\instantsplat\tandt\train\jpeg_q40\12views_uniform,pending
a0f1866513bb,tandt/train,instantsplat,12,uniform,motion_blur_k7,12views_uniform,datasets\processed\tandt\train\degraded\motion_blur_k7,results\method_outputs\instantsplat\tandt\train\motion_blur_k7\12views_uniform,pending
84d0c4e58aee,tandt/train,instantsplat,12,uniform,exposure_under_0.6,12views_uniform,datasets\processed\tandt\train\degraded\exposure_under_0.6,results\method_outputs\instantsplat\tandt\train\exposure_under_0.6\12views_uniform,pending
c28161e5a752,tandt/train,instantsplat,12,random,clean,12views_random,datasets\raw\tandt\train\images,results\method_outputs\instantsplat\tandt\train\clean\12views_random,pending
e0a16ec5c6cf,tandt/train,instantsplat,12,random,resize_50,12views_random,datasets\processed\tandt\train\degraded\resize_50,results\method_outputs\instantsplat\tandt\train\resize_50\12views_random,pending
7273cfd24901,tandt/train,instantsplat,12,random,jpeg_q40,12views_random,datasets\processed\tandt\train\degraded\jpeg_q40,results\method_outputs\instantsplat\tandt\train\jpeg_q40\12views_random,pending
f09297e2d7fd,tandt/train,instantsplat,12,random,motion_blur_k7,12views_random,datasets\processed\tandt\train\degraded\motion_blur_k7,results\method_outputs\instantsplat\tandt\train\motion_blur_k7\12views_random,pending
b1d47390d4ff,tandt/train,instantsplat,12,random,exposure_under_0.6,12views_random,datasets\processed\tandt\train\degraded\exposure_under_0.6,results\method_outputs\instantsplat\tandt\train\exposure_under_0.6\12views_random,pending
e978f47dc26b,tandt/train,instantsplat,12,quality,clean,12views_quality,datasets\raw\tandt\train\images,results\method_outputs\instantsplat\tandt\train\clean\12views_quality,pending
1cf9ecbe097d,tandt/train,instantsplat,12,quality,resize_50,12views_quality,datasets\processed\tandt\train\degraded\resize_50,results\method_outputs\instantsplat\tandt\train\resize_50\12views_quality,pending
c4701c549feb,tandt/train,instantsplat,12,quality,jpeg_q40,12views_quality,datasets\processed\tandt\train\degraded\jpeg_q40,results\method_outputs\instantsplat\tandt\train\jpeg_q40\12views_quality,pending
5772efc8cfee,tandt/train,instantsplat,12,quality,motion_blur_k7,12views_quality,datasets\processed\tandt\train\degraded\motion_blur_k7,results\method_outputs\instantsplat\tandt\train\motion_blur_k7\12views_quality,pending
b6f358a27139,tandt/train,instantsplat,12,quality,exposure_under_0.6,12views_quality,datasets\processed\tandt\train\degraded\exposure_under_0.6,results\method_outputs\instantsplat\tandt\train\exposure_under_0.6\12views_quality,pending
29163d775b60,tandt/train,instantsplat,20,uniform,clean,20views_uniform,datasets\raw\tandt\train\images,results\method_outputs\instantsplat\tandt\train\clean\20views_uniform,pending
7bb11087d170,tandt/train,instantsplat,20,uniform,resize_50,20views_uniform,datasets\processed\tandt\train\degraded\resize_50,results\method_outputs\instantsplat\tandt\train\resize_50\20views_uniform,pending
20813d23db9b,tandt/train,instantsplat,20,uniform,jpeg_q40,20views_uniform,datasets\processed\tandt\train\degraded\jpeg_q40,results\method_outputs\instantsplat\tandt\train\jpeg_q40\20views_uniform,pending
523d3d525b10,tandt/train,instantsplat,20,uniform,motion_blur_k7,20views_uniform,datasets\processed\tandt\train\degraded\motion_blur_k7,results\method_outputs\instantsplat\tandt\train\motion_blur_k7\20views_uniform,pending
c90cc507efd0,tandt/train,instantsplat,20,uniform,exposure_under_0.6,20views_uniform,datasets\processed\tandt\train\degraded\exposure_under_0.6,results\method_outputs\instantsplat\tandt\train\exposure_under_0.6\20views_uniform,pending
78a724ea463e,tandt/train,instantsplat,20,random,clean,20views_random,datasets\raw\tandt\train\images,results\method_outputs\instantsplat\tandt\train\clean\20views_random,pending
1dc30e5a8691,tandt/train,instantsplat,20,random,resize_50,20views_random,datasets\processed\tandt\train\degraded\resize_50,results\method_outputs\instantsplat\tandt\train\resize_50\20views_random,pending
6c758aa8648f,tandt/train,instantsplat,20,random,jpeg_q40,20views_random,datasets\processed\tandt\train\degraded\jpeg_q40,results\method_outputs\instantsplat\tandt\train\jpeg_q40\20views_random,pending
b34ceedb0aa9,tandt/train,instantsplat,20,random,motion_blur_k7,20views_random,datasets\processed\tandt\train\degraded\motion_blur_k7,results\method_outputs\instantsplat\tandt\train\motion_blur_k7\20views_random,pending
b3e81cb857ce,tandt/train,instantsplat,20,random,exposure_under_0.6,20views_random,datasets\processed\tandt\train\degraded\exposure_under_0.6,results\method_outputs\instantsplat\tandt\train\exposure_under_0.6\20views_random,pending
429a05534ea9,tandt/train,instantsplat,20,quality,clean,20views_quality,datasets\raw\tandt\train\images,results\method_outputs\instantsplat\tandt\train\clean\20views_quality,pending
3be2e7bfc7bb,tandt/train,instantsplat,20,quality,resize_50,20views_quality,datasets\processed\tandt\train\degraded\resize_50,results\method_outputs\instantsplat\tandt\train\resize_50\20views_quality,pending
9f938ead626c,tandt/train,instantsplat,20,quality,jpeg_q40,20views_quality,datasets\processed\tandt\train\degraded\jpeg_q40,results\method_outputs\instantsplat\tandt\train\jpeg_q40\20views_quality,pending
5f8ae8cff982,tandt/train,instantsplat,20,quality,motion_blur_k7,20views_quality,datasets\processed\tandt\train\degraded\motion_blur_k7,results\method_outputs\instantsplat\tandt\train\motion_blur_k7\20views_quality,pending
307054923f16,tandt/train,instantsplat,20,quality,exposure_under_0.6,20views_quality,datasets\processed\tandt\train\degraded\exposure_under_0.6,results\method_outputs\instantsplat\tandt\train\exposure_under_0.6\20views_quality,pending
a5df66e6eeab,tandt/train,placeholder_3dgs,2,uniform,clean,2views_uniform,datasets\raw\tandt\train\images,results\method_outputs\placeholder_3dgs\tandt\train\clean\2views_uniform,pending
9abe416319b8,tandt/train,placeholder_3dgs,2,uniform,resize_50,2views_uniform,datasets\processed\tandt\train\degraded\resize_50,results\method_outputs\placeholder_3dgs\tandt\train\resize_50\2views_uniform,pending
66fe8a11ec05,tandt/train,placeholder_3dgs,2,uniform,jpeg_q40,2views_uniform,datasets\processed\tandt\train\degraded\jpeg_q40,results\method_outputs\placeholder_3dgs\tandt\train\jpeg_q40\2views_uniform,pending
863324c8322f,tandt/train,placeholder_3dgs,2,uniform,motion_blur_k7,2views_uniform,datasets\processed\tandt\train\degraded\motion_blur_k7,results\method_outputs\placeholder_3dgs\tandt\train\motion_blur_k7\2views_uniform,pending
1843610116d8,tandt/train,placeholder_3dgs,2,uniform,exposure_under_0.6,2views_uniform,datasets\processed\tandt\train\degraded\exposure_under_0.6,results\method_outputs\placeholder_3dgs\tandt\train\exposure_under_0.6\2views_uniform,pending
12e15feb171c,tandt/train,placeholder_3dgs,2,random,clean,2views_random,datasets\raw\tandt\train\images,results\method_outputs\placeholder_3dgs\tandt\train\clean\2views_random,pending
cb61e3fed0dc,tandt/train,placeholder_3dgs,2,random,resize_50,2views_random,datasets\processed\tandt\train\degraded\resize_50,results\method_outputs\placeholder_3dgs\tandt\train\resize_50\2views_random,pending
3b129545fa31,tandt/train,placeholder_3dgs,2,random,jpeg_q40,2views_random,datasets\processed\tandt\train\degraded\jpeg_q40,results\method_outputs\placeholder_3dgs\tandt\train\jpeg_q40\2views_random,pending
97625725bd7c,tandt/train,placeholder_3dgs,2,random,motion_blur_k7,2views_random,datasets\processed\tandt\train\degraded\motion_blur_k7,results\method_outputs\placeholder_3dgs\tandt\train\motion_blur_k7\2views_random,pending
1ce78e9f1b17,tandt/train,placeholder_3dgs,2,random,exposure_under_0.6,2views_random,datasets\processed\tandt\train\degraded\exposure_under_0.6,results\method_outputs\placeholder_3dgs\tandt\train\exposure_under_0.6\2views_random,pending
7d7e1d5b5520,tandt/train,placeholder_3dgs,2,quality,clean,2views_quality,datasets\raw\tandt\train\images,results\method_outputs\placeholder_3dgs\tandt\train\clean\2views_quality,pending
f576cb34bfb9,tandt/train,placeholder_3dgs,2,quality,resize_50,2views_quality,datasets\processed\tandt\train\degraded\resize_50,results\method_outputs\placeholder_3dgs\tandt\train\resize_50\2views_quality,pending
eb7b8b442d8e,tandt/train,placeholder_3dgs,2,quality,jpeg_q40,2views_quality,datasets\processed\tandt\train\degraded\jpeg_q40,results\method_outputs\placeholder_3dgs\tandt\train\jpeg_q40\2views_quality,pending
f74cb0651970,tandt/train,placeholder_3dgs,2,quality,motion_blur_k7,2views_quality,datasets\processed\tandt\train\degraded\motion_blur_k7,results\method_outputs\placeholder_3dgs\tandt\train\motion_blur_k7\2views_quality,pending
aa22722c5e58,tandt/train,placeholder_3dgs,2,quality,exposure_under_0.6,2views_quality,datasets\processed\tandt\train\degraded\exposure_under_0.6,results\method_outputs\placeholder_3dgs\tandt\train\exposure_under_0.6\2views_quality,pending
19d652b2eb66,tandt/train,placeholder_3dgs,3,uniform,clean,3views_uniform,datasets\raw\tandt\train\images,results\method_outputs\placeholder_3dgs\tandt\train\clean\3views_uniform,pending
40f7700128c9,tandt/train,placeholder_3dgs,3,uniform,resize_50,3views_uniform,datasets\processed\tandt\train\degraded\resize_50,results\method_outputs\placeholder_3dgs\tandt\train\resize_50\3views_uniform,pending
d0db967bf43c,tandt/train,placeholder_3dgs,3,uniform,jpeg_q40,3views_uniform,datasets\processed\tandt\train\degraded\jpeg_q40,results\method_outputs\placeholder_3dgs\tandt\train\jpeg_q40\3views_uniform,pending
80bc6742f0c6,tandt/train,placeholder_3dgs,3,uniform,motion_blur_k7,3views_uniform,datasets\processed\tandt\train\degraded\motion_blur_k7,results\method_outputs\placeholder_3dgs\tandt\train\motion_blur_k7\3views_uniform,pending
376ebc7b8375,tandt/train,placeholder_3dgs,3,uniform,exposure_under_0.6,3views_uniform,datasets\processed\tandt\train\degraded\exposure_under_0.6,results\method_outputs\placeholder_3dgs\tandt\train\exposure_under_0.6\3views_uniform,pending
886786653bcb,tandt/train,placeholder_3dgs,3,random,clean,3views_random,datasets\raw\tandt\train\images,results\method_outputs\placeholder_3dgs\tandt\train\clean\3views_random,pending
e2838b4c15ac,tandt/train,placeholder_3dgs,3,random,resize_50,3views_random,datasets\processed\tandt\train\degraded\resize_50,results\method_outputs\placeholder_3dgs\tandt\train\resize_50\3views_random,pending
e647a0ac62fd,tandt/train,placeholder_3dgs,3,random,jpeg_q40,3views_random,datasets\processed\tandt\train\degraded\jpeg_q40,results\method_outputs\placeholder_3dgs\tandt\train\jpeg_q40\3views_random,pending
cf587cd8b38f,tandt/train,placeholder_3dgs,3,random,motion_blur_k7,3views_random,datasets\processed\tandt\train\degraded\motion_blur_k7,results\method_outputs\placeholder_3dgs\tandt\train\motion_blur_k7\3views_random,pending
ff88642fc275,tandt/train,placeholder_3dgs,3,random,exposure_under_0.6,3views_random,datasets\processed\tandt\train\degraded\exposure_under_0.6,results\method_outputs\placeholder_3dgs\tandt\train\exposure_under_0.6\3views_random,pending
a25e470cde64,tandt/train,placeholder_3dgs,3,quality,clean,3views_quality,datasets\raw\tandt\train\images,results\method_outputs\placeholder_3dgs\tandt\train\clean\3views_quality,pending
aa06e0c737af,tandt/train,placeholder_3dgs,3,quality,resize_50,3views_quality,datasets\processed\tandt\train\degraded\resize_50,results\method_outputs\placeholder_3dgs\tandt\train\resize_50\3views_quality,pending
b8d9be2e2e87,tandt/train,placeholder_3dgs,3,quality,jpeg_q40,3views_quality,datasets\processed\tandt\train\degraded\jpeg_q40,results\method_outputs\placeholder_3dgs\tandt\train\jpeg_q40\3views_quality,pending
4d8ed28885e6,tandt/train,placeholder_3dgs,3,quality,motion_blur_k7,3views_quality,datasets\processed\tandt\train\degraded\motion_blur_k7,results\method_outputs\placeholder_3dgs\tandt\train\motion_blur_k7\3views_quality,pending
4e636259184e,tandt/train,placeholder_3dgs,3,quality,exposure_under_0.6,3views_quality,datasets\processed\tandt\train\degraded\exposure_under_0.6,results\method_outputs\placeholder_3dgs\tandt\train\exposure_under_0.6\3views_quality,pending
45e6e7b267d9,tandt/train,placeholder_3dgs,5,uniform,clean,5views_uniform,datasets\raw\tandt\train\images,results\method_outputs\placeholder_3dgs\tandt\train\clean\5views_uniform,pending
2785cda1c943,tandt/train,placeholder_3dgs,5,uniform,resize_50,5views_uniform,datasets\processed\tandt\train\degraded\resize_50,results\method_outputs\placeholder_3dgs\tandt\train\resize_50\5views_uniform,pending
086baefadb6b,tandt/train,placeholder_3dgs,5,uniform,jpeg_q40,5views_uniform,datasets\processed\tandt\train\degraded\jpeg_q40,results\method_outputs\placeholder_3dgs\tandt\train\jpeg_q40\5views_uniform,pending
aa333db73b11,tandt/train,placeholder_3dgs,5,uniform,motion_blur_k7,5views_uniform,datasets\processed\tandt\train\degraded\motion_blur_k7,results\method_outputs\placeholder_3dgs\tandt\train\motion_blur_k7\5views_uniform,pending
bbfa343edf9b,tandt/train,placeholder_3dgs,5,uniform,exposure_under_0.6,5views_uniform,datasets\processed\tandt\train\degraded\exposure_under_0.6,results\method_outputs\placeholder_3dgs\tandt\train\exposure_under_0.6\5views_uniform,pending
7846549b4d5d,tandt/train,placeholder_3dgs,5,random,clean,5views_random,datasets\raw\tandt\train\images,results\method_outputs\placeholder_3dgs\tandt\train\clean\5views_random,pending
46033f068e18,tandt/train,placeholder_3dgs,5,random,resize_50,5views_random,datasets\processed\tandt\train\degraded\resize_50,results\method_outputs\placeholder_3dgs\tandt\train\resize_50\5views_random,pending
e8a43c4afcc9,tandt/train,placeholder_3dgs,5,random,jpeg_q40,5views_random,datasets\processed\tandt\train\degraded\jpeg_q40,results\method_outputs\placeholder_3dgs\tandt\train\jpeg_q40\5views_random,pending
b376b775b72c,tandt/train,placeholder_3dgs,5,random,motion_blur_k7,5views_random,datasets\processed\tandt\train\degraded\motion_blur_k7,results\method_outputs\placeholder_3dgs\tandt\train\motion_blur_k7\5views_random,pending
21fb6aab4ec4,tandt/train,placeholder_3dgs,5,random,exposure_under_0.6,5views_random,datasets\processed\tandt\train\degraded\exposure_under_0.6,results\method_outputs\placeholder_3dgs\tandt\train\exposure_under_0.6\5views_random,pending
c7a9dd13d2c3,tandt/train,placeholder_3dgs,5,quality,clean,5views_quality,datasets\raw\tandt\train\images,results\method_outputs\placeholder_3dgs\tandt\train\clean\5views_quality,pending
eef41dd29df1,tandt/train,placeholder_3dgs,5,quality,resize_50,5views_quality,datasets\processed\tandt\train\degraded\resize_50,results\method_outputs\placeholder_3dgs\tandt\train\resize_50\5views_quality,pending
3f3c9c118e5c,tandt/train,placeholder_3dgs,5,quality,jpeg_q40,5views_quality,datasets\processed\tandt\train\degraded\jpeg_q40,results\method_outputs\placeholder_3dgs\tandt\train\jpeg_q40\5views_quality,pending
be3529fed5ba,tandt/train,placeholder_3dgs,5,quality,motion_blur_k7,5views_quality,datasets\processed\tandt\train\degraded\motion_blur_k7,results\method_outputs\placeholder_3dgs\tandt\train\motion_blur_k7\5views_quality,pending
be3143a2e0ae,tandt/train,placeholder_3dgs,5,quality,exposure_under_0.6,5views_quality,datasets\processed\tandt\train\degraded\exposure_under_0.6,results\method_outputs\placeholder_3dgs\tandt\train\exposure_under_0.6\5views_quality,pending
1710e570dc62,tandt/train,placeholder_3dgs,8,uniform,clean,8views_uniform,datasets\raw\tandt\train\images,results\method_outputs\placeholder_3dgs\tandt\train\clean\8views_uniform,pending
22224250206e,tandt/train,placeholder_3dgs,8,uniform,resize_50,8views_uniform,datasets\processed\tandt\train\degraded\resize_50,results\method_outputs\placeholder_3dgs\tandt\train\resize_50\8views_uniform,pending
80afad03ba2e,tandt/train,placeholder_3dgs,8,uniform,jpeg_q40,8views_uniform,datasets\processed\tandt\train\degraded\jpeg_q40,results\method_outputs\placeholder_3dgs\tandt\train\jpeg_q40\8views_uniform,pending
a0c4554f6be7,tandt/train,placeholder_3dgs,8,uniform,motion_blur_k7,8views_uniform,datasets\processed\tandt\train\degraded\motion_blur_k7,results\method_outputs\placeholder_3dgs\tandt\train\motion_blur_k7\8views_uniform,pending
e6efdf5bb399,tandt/train,placeholder_3dgs,8,uniform,exposure_under_0.6,8views_uniform,datasets\processed\tandt\train\degraded\exposure_under_0.6,results\method_outputs\placeholder_3dgs\tandt\train\exposure_under_0.6\8views_uniform,pending
784215820691,tandt/train,placeholder_3dgs,8,random,clean,8views_random,datasets\raw\tandt\train\images,results\method_outputs\placeholder_3dgs\tandt\train\clean\8views_random,pending
84043e75535b,tandt/train,placeholder_3dgs,8,random,resize_50,8views_random,datasets\processed\tandt\train\degraded\resize_50,results\method_outputs\placeholder_3dgs\tandt\train\resize_50\8views_random,pending
23791867e856,tandt/train,placeholder_3dgs,8,random,jpeg_q40,8views_random,datasets\processed\tandt\train\degraded\jpeg_q40,results\method_outputs\placeholder_3dgs\tandt\train\jpeg_q40\8views_random,pending
710e6c8a8b56,tandt/train,placeholder_3dgs,8,random,motion_blur_k7,8views_random,datasets\processed\tandt\train\degraded\motion_blur_k7,results\method_outputs\placeholder_3dgs\tandt\train\motion_blur_k7\8views_random,pending
7835e27b453f,tandt/train,placeholder_3dgs,8,random,exposure_under_0.6,8views_random,datasets\processed\tandt\train\degraded\exposure_under_0.6,results\method_outputs\placeholder_3dgs\tandt\train\exposure_under_0.6\8views_random,pending
9fa68aad5c0a,tandt/train,placeholder_3dgs,8,quality,clean,8views_quality,datasets\raw\tandt\train\images,results\method_outputs\placeholder_3dgs\tandt\train\clean\8views_quality,pending
de25ffe29aa6,tandt/train,placeholder_3dgs,8,quality,resize_50,8views_quality,datasets\processed\tandt\train\degraded\resize_50,results\method_outputs\placeholder_3dgs\tandt\train\resize_50\8views_quality,pending
473509ff4be4,tandt/train,placeholder_3dgs,8,quality,jpeg_q40,8views_quality,datasets\processed\tandt\train\degraded\jpeg_q40,results\method_outputs\placeholder_3dgs\tandt\train\jpeg_q40\8views_quality,pending
bca9c3ea85e3,tandt/train,placeholder_3dgs,8,quality,motion_blur_k7,8views_quality,datasets\processed\tandt\train\degraded\motion_blur_k7,results\method_outputs\placeholder_3dgs\tandt\train\motion_blur_k7\8views_quality,pending
8d88f9fe31fe,tandt/train,placeholder_3dgs,8,quality,exposure_under_0.6,8views_quality,datasets\processed\tandt\train\degraded\exposure_under_0.6,results\method_outputs\placeholder_3dgs\tandt\train\exposure_under_0.6\8views_quality,pending
6a2c8d99daf5,tandt/train,placeholder_3dgs,12,uniform,clean,12views_uniform,datasets\raw\tandt\train\images,results\method_outputs\placeholder_3dgs\tandt\train\clean\12views_uniform,pending
e57885d4e703,tandt/train,placeholder_3dgs,12,uniform,resize_50,12views_uniform,datasets\processed\tandt\train\degraded\resize_50,results\method_outputs\placeholder_3dgs\tandt\train\resize_50\12views_uniform,pending
6db32908dfd9,tandt/train,placeholder_3dgs,12,uniform,jpeg_q40,12views_uniform,datasets\processed\tandt\train\degraded\jpeg_q40,results\method_outputs\placeholder_3dgs\tandt\train\jpeg_q40\12views_uniform,pending
4e2da99249b5,tandt/train,placeholder_3dgs,12,uniform,motion_blur_k7,12views_uniform,datasets\processed\tandt\train\degraded\motion_blur_k7,results\method_outputs\placeholder_3dgs\tandt\train\motion_blur_k7\12views_uniform,pending
04d5ddcd256b,tandt/train,placeholder_3dgs,12,uniform,exposure_under_0.6,12views_uniform,datasets\processed\tandt\train\degraded\exposure_under_0.6,results\method_outputs\placeholder_3dgs\tandt\train\exposure_under_0.6\12views_uniform,pending
3e8e6c2d1654,tandt/train,placeholder_3dgs,12,random,clean,12views_random,datasets\raw\tandt\train\images,results\method_outputs\placeholder_3dgs\tandt\train\clean\12views_random,pending
b7383db8032b,tandt/train,placeholder_3dgs,12,random,resize_50,12views_random,datasets\processed\tandt\train\degraded\resize_50,results\method_outputs\placeholder_3dgs\tandt\train\resize_50\12views_random,pending
d973097f0409,tandt/train,placeholder_3dgs,12,random,jpeg_q40,12views_random,datasets\processed\tandt\train\degraded\jpeg_q40,results\method_outputs\placeholder_3dgs\tandt\train\jpeg_q40\12views_random,pending
195e63ed0db4,tandt/train,placeholder_3dgs,12,random,motion_blur_k7,12views_random,datasets\processed\tandt\train\degraded\motion_blur_k7,results\method_outputs\placeholder_3dgs\tandt\train\motion_blur_k7\12views_random,pending
789ea5b70143,tandt/train,placeholder_3dgs,12,random,exposure_under_0.6,12views_random,datasets\processed\tandt\train\degraded\exposure_under_0.6,results\method_outputs\placeholder_3dgs\tandt\train\exposure_under_0.6\12views_random,pending
a97e1eff04f3,tandt/train,placeholder_3dgs,12,quality,clean,12views_quality,datasets\raw\tandt\train\images,results\method_outputs\placeholder_3dgs\tandt\train\clean\12views_quality,pending
0bfb81d54b64,tandt/train,placeholder_3dgs,12,quality,resize_50,12views_quality,datasets\processed\tandt\train\degraded\resize_50,results\method_outputs\placeholder_3dgs\tandt\train\resize_50\12views_quality,pending
9ef381e55670,tandt/train,placeholder_3dgs,12,quality,jpeg_q40,12views_quality,datasets\processed\tandt\train\degraded\jpeg_q40,results\method_outputs\placeholder_3dgs\tandt\train\jpeg_q40\12views_quality,pending
028c8c8d9edb,tandt/train,placeholder_3dgs,12,quality,motion_blur_k7,12views_quality,datasets\processed\tandt\train\degraded\motion_blur_k7,results\method_outputs\placeholder_3dgs\tandt\train\motion_blur_k7\12views_quality,pending
555efb3a4ada,tandt/train,placeholder_3dgs,12,quality,exposure_under_0.6,12views_quality,datasets\processed\tandt\train\degraded\exposure_under_0.6,results\method_outputs\placeholder_3dgs\tandt\train\exposure_under_0.6\12views_quality,pending
7e4c6867cd6a,tandt/train,placeholder_3dgs,20,uniform,clean,20views_uniform,datasets\raw\tandt\train\images,results\method_outputs\placeholder_3dgs\tandt\train\clean\20views_uniform,pending
b91b92d96240,tandt/train,placeholder_3dgs,20,uniform,resize_50,20views_uniform,datasets\processed\tandt\train\degraded\resize_50,results\method_outputs\placeholder_3dgs\tandt\train\resize_50\20views_uniform,pending
ad70667fd6bf,tandt/train,placeholder_3dgs,20,uniform,jpeg_q40,20views_uniform,datasets\processed\tandt\train\degraded\jpeg_q40,results\method_outputs\placeholder_3dgs\tandt\train\jpeg_q40\20views_uniform,pending
13e8ea889ee3,tandt/train,placeholder_3dgs,20,uniform,motion_blur_k7,20views_uniform,datasets\processed\tandt\train\degraded\motion_blur_k7,results\method_outputs\placeholder_3dgs\tandt\train\motion_blur_k7\20views_uniform,pending
e61e78509b36,tandt/train,placeholder_3dgs,20,uniform,exposure_under_0.6,20views_uniform,datasets\processed\tandt\train\degraded\exposure_under_0.6,results\method_outputs\placeholder_3dgs\tandt\train\exposure_under_0.6\20views_uniform,pending
94f674f3f253,tandt/train,placeholder_3dgs,20,random,clean,20views_random,datasets\raw\tandt\train\images,results\method_outputs\placeholder_3dgs\tandt\train\clean\20views_random,pending
d62ae43795fb,tandt/train,placeholder_3dgs,20,random,resize_50,20views_random,datasets\processed\tandt\train\degraded\resize_50,results\method_outputs\placeholder_3dgs\tandt\train\resize_50\20views_random,pending
f9166bd239a4,tandt/train,placeholder_3dgs,20,random,jpeg_q40,20views_random,datasets\processed\tandt\train\degraded\jpeg_q40,results\method_outputs\placeholder_3dgs\tandt\train\jpeg_q40\20views_random,pending
ed6d89df93c2,tandt/train,placeholder_3dgs,20,random,motion_blur_k7,20views_random,datasets\processed\tandt\train\degraded\motion_blur_k7,results\method_outputs\placeholder_3dgs\tandt\train\motion_blur_k7\20views_random,pending
a2c8cb1b39b6,tandt/train,placeholder_3dgs,20,random,exposure_under_0.6,20views_random,datasets\processed\tandt\train\degraded\exposure_under_0.6,results\method_outputs\placeholder_3dgs\tandt\train\exposure_under_0.6\20views_random,pending
6f629963ffc0,tandt/train,placeholder_3dgs,20,quality,clean,20views_quality,datasets\raw\tandt\train\images,results\method_outputs\placeholder_3dgs\tandt\train\clean\20views_quality,pending
2ef64f3cb234,tandt/train,placeholder_3dgs,20,quality,resize_50,20views_quality,datasets\processed\tandt\train\degraded\resize_50,results\method_outputs\placeholder_3dgs\tandt\train\resize_50\20views_quality,pending
0c14c5d504e2,tandt/train,placeholder_3dgs,20,quality,jpeg_q40,20views_quality,datasets\processed\tandt\train\degraded\jpeg_q40,results\method_outputs\placeholder_3dgs\tandt\train\jpeg_q40\20views_quality,pending
29acf1cc28a0,tandt/train,placeholder_3dgs,20,quality,motion_blur_k7,20views_quality,datasets\processed\tandt\train\degraded\motion_blur_k7,results\method_outputs\placeholder_3dgs\tandt\train\motion_blur_k7\20views_quality,pending
0a5880bb1bed,tandt/train,placeholder_3dgs,20,quality,exposure_under_0.6,20views_quality,datasets\processed\tandt\train\degraded\exposure_under_0.6,results\method_outputs\placeholder_3dgs\tandt\train\exposure_under_0.6\20views_quality,pending
