scene,views,seed,split,status,selected_images,excluded_test_images,psnr,ssim,lpips,num_test_images,metrics_summary,todo
tandt/train,2,0,2views_random_seed0,evaluated,"[""00212.jpg"", ""00231.jpg""]",20,9.483777045307447,0.1450136460363865,0.6755210757255554,20,results\method_outputs\tandt\train\3dgs_sparse\2views_random_seed0,
tandt/train,3,0,3views_random_seed0,evaluated,"[""00023.jpg"", ""00143.jpg"", ""00280.jpg""]",20,10.649887984368048,0.2250816199928522,0.6211215376853942,20,results\method_outputs\tandt\train\3dgs_sparse\3views_random_seed0,
tandt/train,5,0,5views_random_seed0,evaluated,"[""00167.jpg"", ""00197.jpg"", ""00222.jpg"", ""00262.jpg"", ""00266.jpg""]",20,10.352682239102352,0.2359028734266758,0.6015837550163269,20,results\method_outputs\tandt\train\3dgs_sparse\5views_random_seed0,
tandt/train,8,0,8views_random_seed0,evaluated,"[""00053.jpg"", ""00077.jpg"", ""00082.jpg"", ""00120.jpg"", ""00138.jpg"", ""00156.jpg"", ""00277.jpg"", ""00292.jpg""]",20,14.37435325221249,0.43601647540926936,0.4480816349387169,20,results\method_outputs\tandt\train\3dgs_sparse\8views_random_seed0,
tandt/train,12,0,12views_random_seed0,evaluated,"[""00041.jpg"", ""00055.jpg"", ""00056.jpg"", ""00113.jpg"", ""00170.jpg"", ""00173.jpg"", ""00182.jpg"", ""00195.jpg"", ""00238.jpg"", ""00243.jpg"", ""00259.jpg"", ""00262.jpg""]",20,12.932203650502217,0.41079404056072233,0.45588633269071577,20,results\method_outputs\tandt\train\3dgs_sparse\12views_random_seed0,
tandt/train,20,0,20views_random_seed0,evaluated,"[""00001.jpg"", ""00009.jpg"", ""00035.jpg"", ""00036.jpg"", ""00051.jpg"", ""00052.jpg"", ""00079.jpg"", ""00105.jpg"", ""00122.jpg"", ""00132.jpg"", ""00134.jpg"", ""00144.jpg"", ""00178.jpg"", ""00183.jpg"", ""00219.jpg"", ""00246.jpg"", ""00271.jpg"", ""00286.jpg"", ""00298.jpg"", ""00301.jpg""]",20,15.810425332790595,0.5618775084614753,0.342152189463377,20,results\method_outputs\tandt\train\3dgs_sparse\20views_random_seed0,
tandt/train,2,1,2views_random_seed1,evaluated,"[""00036.jpg"", ""00074.jpg""]",20,10.6738337396359,0.23142672814428805,0.6075179852545262,20,results\method_outputs\tandt\train\3dgs_sparse\2views_random_seed1,
tandt/train,3,1,3views_random_seed1,evaluated,"[""00066.jpg"", ""00141.jpg"", ""00272.jpg""]",20,11.261900819477912,0.23191723152995108,0.6026907041668892,20,results\method_outputs\tandt\train\3dgs_sparse\3views_random_seed1,
tandt/train,5,1,5views_random_seed1,evaluated,"[""00053.jpg"", ""00116.jpg"", ""00209.jpg"", ""00247.jpg"", ""00259.jpg""]",20,11.527517568558796,0.26531599164009095,0.5643855094909668,20,results\method_outputs\tandt\train\3dgs_sparse\5views_random_seed1,
tandt/train,8,1,8views_random_seed1,evaluated,"[""00003.jpg"", ""00016.jpg"", ""00127.jpg"", ""00147.jpg"", ""00214.jpg"", ""00237.jpg"", ""00245.jpg"", ""00268.jpg""]",20,13.682042662336823,0.3953712683171034,0.4714182522147894,20,results\method_outputs\tandt\train\3dgs_sparse\8views_random_seed1,
tandt/train,12,1,12views_random_seed1,evaluated,"[""00006.jpg"", ""00013.jpg"", ""00015.jpg"", ""00016.jpg"", ""00017.jpg"", ""00057.jpg"", ""00119.jpg"", ""00174.jpg"", ""00210.jpg"", ""00232.jpg"", ""00290.jpg"", ""00297.jpg""]",20,14.73576797484014,0.42765771225094795,0.45691241323947906,20,results\method_outputs\tandt\train\3dgs_sparse\12views_random_seed1,
tandt/train,20,1,20views_random_seed1,evaluated,"[""00013.jpg"", ""00056.jpg"", ""00067.jpg"", ""00103.jpg"", ""00105.jpg"", ""00121.jpg"", ""00122.jpg"", ""00128.jpg"", ""00129.jpg"", ""00160.jpg"", ""00163.jpg"", ""00183.jpg"", ""00189.jpg"", ""00229.jpg"", ""00232.jpg"", ""00241.jpg"", ""00253.jpg"", ""00272.jpg"", ""00275.jpg"", ""00278.jpg""]",20,13.708582686088908,0.42902803868055345,0.4349340952932835,20,results\method_outputs\tandt\train\3dgs_sparse\20views_random_seed1,
tandt/train,2,2,2views_random_seed2,evaluated,"[""00032.jpg"", ""00051.jpg""]",20,10.88200616367764,0.2516321901232004,0.5839661974459887,20,results\method_outputs\tandt\train\3dgs_sparse\2views_random_seed2,
tandt/train,3,2,3views_random_seed2,evaluated,"[""00048.jpg"", ""00093.jpg"", ""00198.jpg""]",20,10.758482734627902,0.25113031305372713,0.5872305847704411,20,results\method_outputs\tandt\train\3dgs_sparse\3views_random_seed2,
tandt/train,5,2,5views_random_seed2,evaluated,"[""00021.jpg"", ""00088.jpg"", ""00117.jpg"", ""00138.jpg"", ""00169.jpg""]",20,12.245061025773916,0.32573399096727373,0.5360906168818473,20,results\method_outputs\tandt\train\3dgs_sparse\5views_random_seed2,
tandt/train,8,2,8views_random_seed2,evaluated,"[""00148.jpg"", ""00204.jpg"", ""00216.jpg"", ""00236.jpg"", ""00244.jpg"", ""00276.jpg"", ""00279.jpg"", ""00298.jpg""]",20,12.839235928873418,0.35071067586541177,0.5038433518260718,20,results\method_outputs\tandt\train\3dgs_sparse\8views_random_seed2,
tandt/train,12,2,12views_random_seed2,evaluated,"[""00016.jpg"", ""00021.jpg"", ""00091.jpg"", ""00098.jpg"", ""00128.jpg"", ""00130.jpg"", ""00175.jpg"", ""00200.jpg"", ""00209.jpg"", ""00232.jpg"", ""00256.jpg"", ""00289.jpg""]",20,13.997038123785936,0.4228425607085228,0.4529055058956146,20,results\method_outputs\tandt\train\3dgs_sparse\12views_random_seed2,
tandt/train,20,2,20views_random_seed2,evaluated,"[""00014.jpg"", ""00075.jpg"", ""00089.jpg"", ""00096.jpg"", ""00098.jpg"", ""00101.jpg"", ""00137.jpg"", ""00178.jpg"", ""00195.jpg"", ""00198.jpg"", ""00199.jpg"", ""00200.jpg"", ""00219.jpg"", ""00228.jpg"", ""00245.jpg"", ""00254.jpg"", ""00280.jpg"", ""00282.jpg"", ""00288.jpg"", ""00291.jpg""]",20,14.21896997131879,0.49001270160079,0.39749096259474753,20,results\method_outputs\tandt\train\3dgs_sparse\20views_random_seed2,
tandt/train,2,3,2views_random_seed3,evaluated,"[""00131.jpg"", ""00298.jpg""]",20,10.93804199163735,0.2416772685945034,0.597273663058877,20,results\method_outputs\tandt\train\3dgs_sparse\2views_random_seed3,
tandt/train,3,3,3views_random_seed3,evaluated,"[""00072.jpg"", ""00203.jpg"", ""00260.jpg""]",20,9.04950805419308,0.1525217853486538,0.6650769859552383,20,results\method_outputs\tandt\train\3dgs_sparse\3views_random_seed3,
tandt/train,5,3,5views_random_seed3,evaluated,"[""00008.jpg"", ""00037.jpg"", ""00129.jpg"", ""00143.jpg"", ""00258.jpg""]",20,12.564299512047507,0.3393182836472988,0.5202020227909088,20,results\method_outputs\tandt\train\3dgs_sparse\5views_random_seed3,
tandt/train,8,3,8views_random_seed3,evaluated,"[""00084.jpg"", ""00106.jpg"", ""00128.jpg"", ""00218.jpg"", ""00258.jpg"", ""00261.jpg"", ""00287.jpg"", ""00296.jpg""]",20,13.333751372474367,0.3733619645237923,0.48748455196619034,20,results\method_outputs\tandt\train\3dgs_sparse\8views_random_seed3,
tandt/train,12,3,12views_random_seed3,evaluated,"[""00009.jpg"", ""00017.jpg"", ""00024.jpg"", ""00036.jpg"", ""00088.jpg"", ""00148.jpg"", ""00166.jpg"", ""00213.jpg"", ""00214.jpg"", ""00217.jpg"", ""00234.jpg"", ""00260.jpg""]",20,14.1480331446977,0.4295831397175789,0.44397612735629083,20,results\method_outputs\tandt\train\3dgs_sparse\12views_random_seed3,
tandt/train,20,3,20views_random_seed3,evaluated,"[""00016.jpg"", ""00021.jpg"", ""00054.jpg"", ""00074.jpg"", ""00075.jpg"", ""00120.jpg"", ""00128.jpg"", ""00143.jpg"", ""00166.jpg"", ""00185.jpg"", ""00192.jpg"", ""00201.jpg"", ""00212.jpg"", ""00223.jpg"", ""00231.jpg"", ""00240.jpg"", ""00244.jpg"", ""00272.jpg"", ""00278.jpg"", ""00293.jpg""]",20,15.410543800354807,0.5298057913780212,0.3722475737333298,20,results\method_outputs\tandt\train\3dgs_sparse\20views_random_seed3,
tandt/train,2,4,2views_random_seed4,evaluated,"[""00130.jpg"", ""00167.jpg""]",20,9.200229425572392,0.16014113798737525,0.6600932806730271,20,results\method_outputs\tandt\train\3dgs_sparse\2views_random_seed4,
tandt/train,3,4,3views_random_seed4,evaluated,"[""00057.jpg"", ""00217.jpg"", ""00263.jpg""]",20,10.381496112683571,0.18135884776711464,0.6271716460585595,20,results\method_outputs\tandt\train\3dgs_sparse\3views_random_seed4,
tandt/train,5,4,5views_random_seed4,evaluated,"[""00012.jpg"", ""00038.jpg"", ""00051.jpg"", ""00086.jpg"", ""00220.jpg""]",20,11.637398811293092,0.3001885928213596,0.5382619768381118,20,results\method_outputs\tandt\train\3dgs_sparse\5views_random_seed4,
tandt/train,8,4,8views_random_seed4,evaluated,"[""00034.jpg"", ""00096.jpg"", ""00122.jpg"", ""00152.jpg"", ""00160.jpg"", ""00198.jpg"", ""00286.jpg"", ""00294.jpg""]",20,14.118136009799695,0.4255663320422173,0.45076291635632515,20,results\method_outputs\tandt\train\3dgs_sparse\8views_random_seed4,
tandt/train,12,4,12views_random_seed4,evaluated,"[""00015.jpg"", ""00049.jpg"", ""00059.jpg"", ""00091.jpg"", ""00107.jpg"", ""00118.jpg"", ""00144.jpg"", ""00145.jpg"", ""00150.jpg"", ""00160.jpg"", ""00170.jpg"", ""00204.jpg""]",20,15.027286674337386,0.5065876558423043,0.39478796496987345,20,results\method_outputs\tandt\train\3dgs_sparse\12views_random_seed4,
tandt/train,20,4,20views_random_seed4,evaluated,"[""00005.jpg"", ""00050.jpg"", ""00099.jpg"", ""00107.jpg"", ""00136.jpg"", ""00137.jpg"", ""00154.jpg"", ""00159.jpg"", ""00161.jpg"", ""00165.jpg"", ""00171.jpg"", ""00185.jpg"", ""00213.jpg"", ""00227.jpg"", ""00232.jpg"", ""00236.jpg"", ""00260.jpg"", ""00278.jpg"", ""00279.jpg"", ""00301.jpg""]",20,14.919984714003991,0.5313099913299084,0.36993078850209715,20,results\method_outputs\tandt\train\3dgs_sparse\20views_random_seed4,
tandt/truck,2,0,2views_random_seed0,evaluated,"[""000107.jpg"", ""000235.jpg""]",20,11.530986627229387,0.2235623173415661,0.6044330894947052,20,results\method_outputs\tandt\truck\3dgs_sparse\2views_random_seed0,
tandt/truck,3,0,3views_random_seed0,evaluated,"[""000116.jpg"", ""000211.jpg"", ""000247.jpg""]",20,12.321967720963087,0.3163001541048288,0.5024513900279999,20,results\method_outputs\tandt\truck\3dgs_sparse\3views_random_seed0,
tandt/truck,5,0,5views_random_seed0,evaluated,"[""000012.jpg"", ""000072.jpg"", ""000112.jpg"", ""000135.jpg"", ""000141.jpg""]",20,12.90798881604169,0.3932419903576374,0.4533904828131199,20,results\method_outputs\tandt\truck\3dgs_sparse\5views_random_seed0,
tandt/truck,8,0,8views_random_seed0,evaluated,"[""000060.jpg"", ""000084.jpg"", ""000099.jpg"", ""000133.jpg"", ""000162.jpg"", ""000217.jpg"", ""000230.jpg"", ""000248.jpg""]",20,16.664104987164563,0.5569666713476181,0.33184641748666766,20,results\method_outputs\tandt\truck\3dgs_sparse\8views_random_seed0,
tandt/truck,12,0,12views_random_seed0,evaluated,"[""000026.jpg"", ""000038.jpg"", ""000070.jpg"", ""000078.jpg"", ""000140.jpg"", ""000148.jpg"", ""000167.jpg"", ""000172.jpg"", ""000196.jpg"", ""000210.jpg"", ""000222.jpg"", ""000225.jpg""]",20,16.77213362539777,0.610826452076435,0.2973680444061756,20,results\method_outputs\tandt\truck\3dgs_sparse\12views_random_seed0,
tandt/truck,20,0,20views_random_seed0,evaluated,"[""000020.jpg"", ""000027.jpg"", ""000040.jpg"", ""000057.jpg"", ""000086.jpg"", ""000087.jpg"", ""000092.jpg"", ""000098.jpg"", ""000121.jpg"", ""000123.jpg"", ""000130.jpg"", ""000133.jpg"", ""000153.jpg"", ""000155.jpg"", ""000170.jpg"", ""000177.jpg"", ""000190.jpg"", ""000202.jpg"", ""000236.jpg"", ""000251.jpg""]",20,19.84864623777582,0.7350022688508033,0.21095793955028058,20,results\method_outputs\tandt\truck\3dgs_sparse\20views_random_seed0,
tandt/truck,2,1,2views_random_seed1,evaluated,"[""000037.jpg"", ""000158.jpg""]",20,11.502370893482103,0.26220362950116394,0.5617690779268741,20,results\method_outputs\tandt\truck\3dgs_sparse\2views_random_seed1,
tandt/truck,3,1,3views_random_seed1,evaluated,"[""000212.jpg"", ""000223.jpg"", ""000235.jpg""]",20,11.093969911651604,0.2851675782352686,0.5540026053786278,20,results\method_outputs\tandt\truck\3dgs_sparse\3views_random_seed1,
tandt/truck,5,1,5views_random_seed1,evaluated,"[""000018.jpg"", ""000033.jpg"", ""000071.jpg"", ""000137.jpg"", ""000211.jpg""]",20,13.553959097746263,0.39660427942872045,0.45466661006212233,20,results\method_outputs\tandt\truck\3dgs_sparse\5views_random_seed1,
tandt/truck,8,1,8views_random_seed1,evaluated,"[""000026.jpg"", ""000058.jpg"", ""000106.jpg"", ""000125.jpg"", ""000130.jpg"", ""000135.jpg"", ""000180.jpg"", ""000219.jpg""]",20,14.8752864812589,0.5183538869023323,0.3714088387787342,20,results\method_outputs\tandt\truck\3dgs_sparse\8views_random_seed1,
tandt/truck,12,1,12views_random_seed1,evaluated,"[""000001.jpg"", ""000008.jpg"", ""000074.jpg"", ""000108.jpg"", ""000119.jpg"", ""000124.jpg"", ""000168.jpg"", ""000193.jpg"", ""000212.jpg"", ""000213.jpg"", ""000232.jpg"", ""000248.jpg""]",20,17.896607885865826,0.6438299015164375,0.27774202898144723,20,results\method_outputs\tandt\truck\3dgs_sparse\12views_random_seed1,
tandt/truck,20,1,20views_random_seed1,evaluated,"[""000003.jpg"", ""000006.jpg"", ""000007.jpg"", ""000008.jpg"", ""000029.jpg"", ""000060.jpg"", ""000063.jpg"", ""000088.jpg"", ""000106.jpg"", ""000117.jpg"", ""000146.jpg"", ""000150.jpg"", ""000164.jpg"", ""000180.jpg"", ""000190.jpg"", ""000200.jpg"", ""000201.jpg"", ""000223.jpg"", ""000245.jpg"", ""000251.jpg""]",20,19.78286096743623,0.752442741394043,0.18867022283375262,20,results\method_outputs\tandt\truck\3dgs_sparse\20views_random_seed1,
tandt/truck,2,2,2views_random_seed2,evaluated,"[""000236.jpg"", ""000239.jpg""]",20,10.11815004133668,0.17027406245470048,0.6400407001376152,20,results\method_outputs\tandt\truck\3dgs_sparse\2views_random_seed2,
tandt/truck,3,2,3views_random_seed2,evaluated,"[""000016.jpg"", ""000023.jpg"", ""000025.jpg""]",20,11.362655775609891,0.24644070267677307,0.5789804562926293,20,results\method_outputs\tandt\truck\3dgs_sparse\3views_random_seed2,
tandt/truck,5,2,5views_random_seed2,evaluated,"[""000047.jpg"", ""000100.jpg"", ""000204.jpg"", ""000225.jpg"", ""000232.jpg""]",20,14.370393791731399,0.4412446692585945,0.43139275163412094,20,results\method_outputs\tandt\truck\3dgs_sparse\5views_random_seed2,
tandt/truck,8,2,8views_random_seed2,evaluated,"[""000011.jpg"", ""000059.jpg"", ""000070.jpg"", ""000085.jpg"", ""000161.jpg"", ""000168.jpg"", ""000186.jpg"", ""000237.jpg""]",20,15.74049545217871,0.5145640335977077,0.37604720033705236,20,results\method_outputs\tandt\truck\3dgs_sparse\8views_random_seed2,
tandt/truck,12,2,12views_random_seed2,evaluated,"[""000044.jpg"", ""000104.jpg"", ""000109.jpg"", ""000119.jpg"", ""000123.jpg"", ""000141.jpg"", ""000151.jpg"", ""000177.jpg"", ""000189.jpg"", ""000201.jpg"", ""000223.jpg"", ""000239.jpg""]",20,17.367991115824424,0.6080340385437012,0.3038356423377991,20,results\method_outputs\tandt\truck\3dgs_sparse\12views_random_seed2,
tandt/truck,20,2,20views_random_seed2,evaluated,"[""000007.jpg"", ""000008.jpg"", ""000011.jpg"", ""000046.jpg"", ""000049.jpg"", ""000064.jpg"", ""000065.jpg"", ""000074.jpg"", ""000088.jpg"", ""000101.jpg"", ""000106.jpg"", ""000117.jpg"", ""000129.jpg"", ""000139.jpg"", ""000145.jpg"", ""000155.jpg"", ""000242.jpg"", ""000246.jpg"", ""000248.jpg"", ""000251.jpg""]",20,20.664283443055627,0.775107529759407,0.18182482309639453,20,results\method_outputs\tandt\truck\3dgs_sparse\20views_random_seed2,
tandt/truck,2,3,2views_random_seed3,evaluated,"[""000065.jpg"", ""000164.jpg""]",20,11.616310796058881,0.28035444431006906,0.568641422688961,20,results\method_outputs\tandt\truck\3dgs_sparse\2views_random_seed3,
tandt/truck,3,3,3views_random_seed3,evaluated,"[""000036.jpg"", ""000103.jpg"", ""000151.jpg""]",20,12.106684473277578,0.3226607635617256,0.50952358096838,20,results\method_outputs\tandt\truck\3dgs_sparse\3views_random_seed3,
tandt/truck,5,3,5views_random_seed3,evaluated,"[""000018.jpg"", ""000132.jpg"", ""000161.jpg"", ""000167.jpg"", ""000174.jpg""]",20,14.615173169257224,0.4464271001517773,0.42170859798789023,20,results\method_outputs\tandt\truck\3dgs_sparse\5views_random_seed3,
tandt/truck,8,3,8views_random_seed3,evaluated,"[""000004.jpg"", ""000054.jpg"", ""000064.jpg"", ""000072.jpg"", ""000130.jpg"", ""000153.jpg"", ""000168.jpg"", ""000233.jpg""]",20,16.12884566886924,0.5697681896388531,0.3364477165043354,20,results\method_outputs\tandt\truck\3dgs_sparse\8views_random_seed3,
tandt/truck,12,3,12views_random_seed3,evaluated,"[""000042.jpg"", ""000064.jpg"", ""000110.jpg"", ""000130.jpg"", ""000132.jpg"", ""000150.jpg"", ""000152.jpg"", ""000176.jpg"", ""000177.jpg"", ""000199.jpg"", ""000233.jpg"", ""000239.jpg""]",20,18.34135980883062,0.6633645623922348,0.2705401834100485,20,results\method_outputs\tandt\truck\3dgs_sparse\12views_random_seed3,
tandt/truck,20,3,20views_random_seed3,evaluated,"[""000004.jpg"", ""000008.jpg"", ""000012.jpg"", ""000018.jpg"", ""000042.jpg"", ""000044.jpg"", ""000074.jpg"", ""000084.jpg"", ""000108.jpg"", ""000132.jpg"", ""000144.jpg"", ""000164.jpg"", ""000186.jpg"", ""000205.jpg"", ""000211.jpg"", ""000215.jpg"", ""000216.jpg"", ""000228.jpg"", ""000240.jpg"", ""000242.jpg""]",20,19.52699581287376,0.7180874347686768,0.22356701605021953,20,results\method_outputs\tandt\truck\3dgs_sparse\20views_random_seed3,
tandt/truck,2,4,2views_random_seed4,evaluated,"[""000065.jpg"", ""000084.jpg""]",20,11.759410063264081,0.28643166907131673,0.5446905300021172,20,results\method_outputs\tandt\truck\3dgs_sparse\2views_random_seed4,
tandt/truck,3,4,3views_random_seed4,evaluated,"[""000029.jpg"", ""000110.jpg"", ""000200.jpg""]",20,13.012104444655105,0.3513950608670712,0.4895499862730503,20,results\method_outputs\tandt\truck\3dgs_sparse\3views_random_seed4,
tandt/truck,5,4,5views_random_seed4,evaluated,"[""000006.jpg"", ""000019.jpg"", ""000025.jpg"", ""000043.jpg"", ""000133.jpg""]",20,12.787606043680283,0.34245277270674707,0.4964627541601658,20,results\method_outputs\tandt\truck\3dgs_sparse\5views_random_seed4,
tandt/truck,8,4,8views_random_seed4,evaluated,"[""000017.jpg"", ""000061.jpg"", ""000081.jpg"", ""000111.jpg"", ""000144.jpg"", ""000152.jpg"", ""000212.jpg"", ""000222.jpg""]",20,15.00260738641883,0.482670359313488,0.3903427183628082,20,results\method_outputs\tandt\truck\3dgs_sparse\8views_random_seed4,
tandt/truck,12,4,12views_random_seed4,evaluated,"[""000007.jpg"", ""000030.jpg"", ""000048.jpg"", ""000059.jpg"", ""000073.jpg"", ""000076.jpg"", ""000100.jpg"", ""000149.jpg"", ""000178.jpg"", ""000216.jpg"", ""000229.jpg"", ""000230.jpg""]",20,18.27636956627004,0.6690280973911286,0.25219588056206704,20,results\method_outputs\tandt\truck\3dgs_sparse\12views_random_seed4,
tandt/truck,20,4,20views_random_seed4,evaluated,"[""000024.jpg"", ""000046.jpg"", ""000054.jpg"", ""000072.jpg"", ""000075.jpg"", ""000081.jpg"", ""000086.jpg"", ""000094.jpg"", ""000104.jpg"", ""000168.jpg"", ""000174.jpg"", ""000186.jpg"", ""000203.jpg"", ""000222.jpg"", ""000224.jpg"", ""000235.jpg"", ""000236.jpg"", ""000237.jpg"", ""000242.jpg"", ""000245.jpg""]",20,18.15955539141674,0.668341600894928,0.26645461320877073,20,results\method_outputs\tandt\truck\3dgs_sparse\20views_random_seed4,
db/drjohnson,2,0,2views_random_seed0,evaluated,"[""IMG_6412.jpg"", ""IMG_6561.jpg""]",20,11.076120418489477,0.19782730223378167,0.7293959200382233,20,results\method_outputs\db\drjohnson\3dgs_sparse\2views_random_seed0,
db/drjohnson,3,0,3views_random_seed0,evaluated,"[""IMG_6429.jpg"", ""IMG_6536.jpg"", ""IMG_6575.jpg""]",20,13.211476872012998,0.27560701365582646,0.6719659268856049,20,results\method_outputs\db\drjohnson\3dgs_sparse\3views_random_seed0,
db/drjohnson,5,0,5views_random_seed0,evaluated,"[""IMG_6306.jpg"", ""IMG_6373.jpg"", ""IMG_6420.jpg"", ""IMG_6448.jpg"", ""IMG_6456.jpg""]",20,14.74424270346164,0.40105569511651995,0.6308079391717911,20,results\method_outputs\db\drjohnson\3dgs_sparse\5views_random_seed0,
db/drjohnson,8,0,8views_random_seed0,evaluated,"[""IMG_6385.jpg"", ""IMG_6403.jpg"", ""IMG_6446.jpg"", ""IMG_6484.jpg"", ""IMG_6543.jpg"", ""IMG_6557.jpg"", ""IMG_6576.jpg"", ""IMG_6586.jpg""]",20,15.157579650025161,0.41215597465634346,0.6020828664302826,20,results\method_outputs\db\drjohnson\3dgs_sparse\8views_random_seed0,
db/drjohnson,12,0,12views_random_seed0,evaluated,"[""IMG_6324.jpg"", ""IMG_6338.jpg"", ""IMG_6362.jpg"", ""IMG_6371.jpg"", ""IMG_6380.jpg"", ""IMG_6454.jpg"", ""IMG_6462.jpg"", ""IMG_6494.jpg"", ""IMG_6520.jpg"", ""IMG_6535.jpg"", ""IMG_6549.jpg"", ""IMG_6581.jpg""]",20,14.49694544114109,0.36811708807945254,0.650949963927269,20,results\method_outputs\db\drjohnson\3dgs_sparse\12views_random_seed0,
db/drjohnson,20,0,20views_random_seed0,evaluated,"[""IMG_6318.jpg"", ""IMG_6325.jpg"", ""IMG_6340.jpg"", ""IMG_6358.jpg"", ""IMG_6388.jpg"", ""IMG_6390.jpg"", ""IMG_6395.jpg"", ""IMG_6402.jpg"", ""IMG_6434.jpg"", ""IMG_6444.jpg"", ""IMG_6476.jpg"", ""IMG_6490.jpg"", ""IMG_6492.jpg"", ""IMG_6501.jpg"", ""IMG_6514.jpg"", ""IMG_6526.jpg"", ""IMG_6552.jpg"", ""IMG_6562.jpg"", ""IMG_6578.jpg"", ""IMG_6583.jpg""]",20,17.02281361474315,0.46015125811100005,0.5462428852915764,20,results\method_outputs\db\drjohnson\3dgs_sparse\20views_random_seed0,
db/drjohnson,2,1,2views_random_seed1,evaluated,"[""IMG_6337.jpg"", ""IMG_6479.jpg""]",20,11.785851977878227,0.22639508361680782,0.6670885071158409,20,results\method_outputs\db\drjohnson\3dgs_sparse\2views_random_seed1,
db/drjohnson,3,1,3views_random_seed1,evaluated,"[""IMG_6537.jpg"", ""IMG_6550.jpg"", ""IMG_6561.jpg""]",20,10.622871356053075,0.15946941212459934,0.7292849689722061,20,results\method_outputs\db\drjohnson\3dgs_sparse\3views_random_seed1,
db/drjohnson,5,1,5views_random_seed1,evaluated,"[""IMG_6314.jpg"", ""IMG_6333.jpg"", ""IMG_6372.jpg"", ""IMG_6450.jpg"", ""IMG_6536.jpg""]",20,13.828924706584733,0.287405036855489,0.6791145950555801,20,results\method_outputs\db\drjohnson\3dgs_sparse\5views_random_seed1,
db/drjohnson,8,1,8views_random_seed1,evaluated,"[""IMG_6324.jpg"", ""IMG_6359.jpg"", ""IMG_6411.jpg"", ""IMG_6438.jpg"", ""IMG_6444.jpg"", ""IMG_6448.jpg"", ""IMG_6504.jpg"", ""IMG_6544.jpg""]",20,12.818847038412269,0.27009683959186076,0.7051331460475921,20,results\method_outputs\db\drjohnson\3dgs_sparse\8views_random_seed1,
db/drjohnson,12,1,12views_random_seed1,evaluated,"[""IMG_6292.jpg"", ""IMG_6301.jpg"", ""IMG_6376.jpg"", ""IMG_6413.jpg"", ""IMG_6433.jpg"", ""IMG_6437.jpg"", ""IMG_6491.jpg"", ""IMG_6517.jpg"", ""IMG_6537.jpg"", ""IMG_6538.jpg"", ""IMG_6558.jpg"", ""IMG_6576.jpg""]",20,15.406495224932016,0.4036557663232088,0.6109721660614014,20,results\method_outputs\db\drjohnson\3dgs_sparse\12views_random_seed1,
db/drjohnson,20,1,20views_random_seed1,evaluated,"[""IMG_6295.jpg"", ""IMG_6299.jpg"", ""IMG_6300.jpg"", ""IMG_6301.jpg"", ""IMG_6326.jpg"", ""IMG_6362.jpg"", ""IMG_6365.jpg"", ""IMG_6392.jpg"", ""IMG_6411.jpg"", ""IMG_6430.jpg"", ""IMG_6465.jpg"", ""IMG_6486.jpg"", ""IMG_6504.jpg"", ""IMG_6514.jpg"", ""IMG_6524.jpg"", ""IMG_6550.jpg"", ""IMG_6572.jpg"", ""IMG_6578.jpg"", ""IMG_6592.jpg"", ""IMG_6596.jpg""]",20,16.283346497367866,0.4511755436658859,0.5937221601605416,20,results\method_outputs\db\drjohnson\3dgs_sparse\20views_random_seed1,
db/drjohnson,2,2,2views_random_seed2,evaluated,"[""IMG_6566.jpg"", ""IMG_6598.jpg""]",20,11.288720943508398,0.18846800894243643,0.7469385653734207,20,results\method_outputs\db\drjohnson\3dgs_sparse\2views_random_seed2,
db/drjohnson,3,2,3views_random_seed2,evaluated,"[""IMG_6312.jpg"", ""IMG_6323.jpg"", ""IMG_6562.jpg""]",20,12.505279572541728,0.2707207970321178,0.6967405587434768,20,results\method_outputs\db\drjohnson\3dgs_sparse\3views_random_seed2,
db/drjohnson,5,2,5views_random_seed2,evaluated,"[""IMG_6321.jpg"", ""IMG_6348.jpg"", ""IMG_6405.jpg"", ""IMG_6529.jpg"", ""IMG_6558.jpg""]",20,11.39602704918932,0.2040050819516182,0.6933946520090103,20,results\method_outputs\db\drjohnson\3dgs_sparse\5views_random_seed2,
db/drjohnson,8,2,8views_random_seed2,evaluated,"[""IMG_6304.jpg"", ""IMG_6360.jpg"", ""IMG_6371.jpg"", ""IMG_6386.jpg"", ""IMG_6491.jpg"", ""IMG_6509.jpg"", ""IMG_6552.jpg"", ""IMG_6564.jpg""]",20,14.696179860175203,0.35230337977409365,0.625095322728157,20,results\method_outputs\db\drjohnson\3dgs_sparse\8views_random_seed2,
db/drjohnson,12,2,12views_random_seed2,evaluated,"[""IMG_6344.jpg"", ""IMG_6409.jpg"", ""IMG_6414.jpg"", ""IMG_6433.jpg"", ""IMG_6456.jpg"", ""IMG_6466.jpg"", ""IMG_6483.jpg"", ""IMG_6501.jpg"", ""IMG_6512.jpg"", ""IMG_6525.jpg"", ""IMG_6550.jpg"", ""IMG_6566.jpg""]",20,18.062949268318913,0.4843909673392773,0.5233390778303146,20,results\method_outputs\db\drjohnson\3dgs_sparse\12views_random_seed2,
db/drjohnson,20,2,20views_random_seed2,evaluated,"[""IMG_6301.jpg"", ""IMG_6304.jpg"", ""IMG_6347.jpg"", ""IMG_6376.jpg"", ""IMG_6392.jpg"", ""IMG_6406.jpg"", ""IMG_6411.jpg"", ""IMG_6430.jpg"", ""IMG_6436.jpg"", ""IMG_6443.jpg"", ""IMG_6452.jpg"", ""IMG_6460.jpg"", ""IMG_6476.jpg"", ""IMG_6569.jpg"", ""IMG_6573.jpg"", ""IMG_6576.jpg"", ""IMG_6578.jpg"", ""IMG_6581.jpg"", ""IMG_6590.jpg"", ""IMG_6591.jpg""]",20,17.46497432579924,0.4973123252391815,0.5231093175709247,20,results\method_outputs\db\drjohnson\3dgs_sparse\20views_random_seed2,
db/drjohnson,2,3,2views_random_seed3,evaluated,"[""IMG_6367.jpg"", ""IMG_6486.jpg""]",20,11.288614355012225,0.21858297380385922,0.7440559923648834,20,results\method_outputs\db\drjohnson\3dgs_sparse\2views_random_seed3,
db/drjohnson,3,3,3views_random_seed3,evaluated,"[""IMG_6336.jpg"", ""IMG_6408.jpg"", ""IMG_6466.jpg""]",20,10.768542188762158,0.21887813344364987,0.7506409823894501,20,results\method_outputs\db\drjohnson\3dgs_sparse\3views_random_seed3,
db/drjohnson,5,3,5views_random_seed3,evaluated,"[""IMG_6445.jpg"", ""IMG_6483.jpg"", ""IMG_6490.jpg"", ""IMG_6496.jpg"", ""IMG_6584.jpg""]",20,12.770250451080777,0.2907363697886467,0.7069542050361634,20,results\method_outputs\db\drjohnson\3dgs_sparse\5views_random_seed3,
db/drjohnson,8,3,8views_random_seed3,evaluated,"[""IMG_6296.jpg"", ""IMG_6314.jpg"", ""IMG_6373.jpg"", ""IMG_6444.jpg"", ""IMG_6471.jpg"", ""IMG_6491.jpg"", ""IMG_6559.jpg"", ""IMG_6581.jpg""]",20,16.365705713143154,0.39460223317146303,0.6058072954416275,20,results\method_outputs\db\drjohnson\3dgs_sparse\8views_random_seed3,
db/drjohnson,12,3,12views_random_seed3,evaluated,"[""IMG_6341.jpg"", ""IMG_6355.jpg"", ""IMG_6366.jpg"", ""IMG_6415.jpg"", ""IMG_6444.jpg"", ""IMG_6445.jpg"", ""IMG_6465.jpg"", ""IMG_6468.jpg"", ""IMG_6501.jpg"", ""IMG_6523.jpg"", ""IMG_6559.jpg"", ""IMG_6566.jpg""]",20,15.526802118682383,0.35938009470701215,0.6197615027427673,20,results\method_outputs\db\drjohnson\3dgs_sparse\12views_random_seed3,
db/drjohnson,20,3,20views_random_seed3,evaluated,"[""IMG_6296.jpg"", ""IMG_6301.jpg"", ""IMG_6306.jpg"", ""IMG_6314.jpg"", ""IMG_6341.jpg"", ""IMG_6344.jpg"", ""IMG_6366.jpg"", ""IMG_6385.jpg"", ""IMG_6413.jpg"", ""IMG_6459.jpg"", ""IMG_6486.jpg"", ""IMG_6499.jpg"", ""IMG_6509.jpg"", ""IMG_6530.jpg"", ""IMG_6536.jpg"", ""IMG_6541.jpg"", ""IMG_6542.jpg"", ""IMG_6555.jpg"", ""IMG_6569.jpg"", ""IMG_6589.jpg""]",20,18.547694566351147,0.49153909385204314,0.5196181133389473,20,results\method_outputs\db\drjohnson\3dgs_sparse\20views_random_seed3,
db/drjohnson,2,4,2views_random_seed4,evaluated,"[""IMG_6367.jpg"", ""IMG_6385.jpg""]",20,12.244445834727124,0.2793670983170159,0.6932134389877319,20,results\method_outputs\db\drjohnson\3dgs_sparse\2views_random_seed4,
db/drjohnson,3,4,3views_random_seed4,evaluated,"[""IMG_6326.jpg"", ""IMG_6415.jpg"", ""IMG_6524.jpg""]",20,12.350821786502138,0.2558579294010997,0.7040149092674255,20,results\method_outputs\db\drjohnson\3dgs_sparse\3views_random_seed4,
db/drjohnson,5,4,5views_random_seed4,evaluated,"[""IMG_6299.jpg"", ""IMG_6317.jpg"", ""IMG_6323.jpg"", ""IMG_6342.jpg"", ""IMG_6446.jpg""]",20,11.668154125127117,0.23699723426252603,0.7159251660108567,20,results\method_outputs\db\drjohnson\3dgs_sparse\5views_random_seed4,
db/drjohnson,8,4,8views_random_seed4,evaluated,"[""IMG_6313.jpg"", ""IMG_6363.jpg"", ""IMG_6382.jpg"", ""IMG_6417.jpg"", ""IMG_6468.jpg"", ""IMG_6537.jpg"", ""IMG_6549.jpg"", ""IMG_6584.jpg""]",20,14.648368533222364,0.31852343715727327,0.6653805181384087,20,results\method_outputs\db\drjohnson\3dgs_sparse\8views_random_seed4,
db/drjohnson,12,4,12views_random_seed4,evaluated,"[""IMG_6329.jpg"", ""IMG_6349.jpg"", ""IMG_6360.jpg"", ""IMG_6374.jpg"", ""IMG_6378.jpg"", ""IMG_6405.jpg"", ""IMG_6459.jpg"", ""IMG_6464.jpg"", ""IMG_6542.jpg"", ""IMG_6556.jpg"", ""IMG_6589.jpg"", ""IMG_6596.jpg""]",20,17.365592861858655,0.46497327387332915,0.5413650557398796,20,results\method_outputs\db\drjohnson\3dgs_sparse\12views_random_seed4,
db/drjohnson,20,4,20views_random_seed4,evaluated,"[""IMG_6300.jpg"", ""IMG_6322.jpg"", ""IMG_6347.jpg"", ""IMG_6355.jpg"", ""IMG_6373.jpg"", ""IMG_6377.jpg"", ""IMG_6382.jpg"", ""IMG_6388.jpg"", ""IMG_6409.jpg"", ""IMG_6496.jpg"", ""IMG_6502.jpg"", ""IMG_6528.jpg"", ""IMG_6549.jpg"", ""IMG_6551.jpg"", ""IMG_6557.jpg"", ""IMG_6561.jpg"", ""IMG_6562.jpg"", ""IMG_6564.jpg"", ""IMG_6569.jpg"", ""IMG_6572.jpg""]",20,18.34673371481772,0.49896056950092316,0.5227253288030624,20,results\method_outputs\db\drjohnson\3dgs_sparse\20views_random_seed4,
db/playroom,2,0,2views_random_seed0,evaluated,"[""DSC05682.jpg"", ""DSC05793.jpg""]",20,9.273614895756614,0.2998382646590471,0.7030586749315262,20,results\method_outputs\db\playroom\3dgs_sparse\2views_random_seed0,
db/playroom,3,0,3views_random_seed0,evaluated,"[""DSC05583.jpg"", ""DSC05644.jpg"", ""DSC05693.jpg""]",20,10.326962011809506,0.36127238273620604,0.6945437163114547,20,results\method_outputs\db\playroom\3dgs_sparse\3views_random_seed0,
db/playroom,5,0,5views_random_seed0,evaluated,"[""DSC05658.jpg"", ""DSC05687.jpg"", ""DSC05712.jpg"", ""DSC05718.jpg"", ""DSC05800.jpg""]",20,12.959945300788775,0.4803550489246845,0.60893844217062,20,results\method_outputs\db\playroom\3dgs_sparse\5views_random_seed0,
db/playroom,8,0,8views_random_seed0,evaluated,"[""DSC05610.jpg"", ""DSC05633.jpg"", ""DSC05651.jpg"", ""DSC05674.jpg"", ""DSC05709.jpg"", ""DSC05717.jpg"", ""DSC05743.jpg"", ""DSC05791.jpg""]",20,11.102307225656187,0.40373491644859316,0.6497427761554718,20,results\method_outputs\db\playroom\3dgs_sparse\8views_random_seed0,
db/playroom,12,0,12views_random_seed0,evaluated,"[""DSC05592.jpg"", ""DSC05598.jpg"", ""DSC05599.jpg"", ""DSC05613.jpg"", ""DSC05642.jpg"", ""DSC05660.jpg"", ""DSC05726.jpg"", ""DSC05749.jpg"", ""DSC05753.jpg"", ""DSC05777.jpg"", ""DSC05783.jpg"", ""DSC05805.jpg""]",20,17.444405525645735,0.5943301349878312,0.4828267604112625,20,results\method_outputs\db\playroom\3dgs_sparse\12views_random_seed0,
db/playroom,20,0,20views_random_seed0,evaluated,"[""DSC05576.jpg"", ""DSC05589.jpg"", ""DSC05597.jpg"", ""DSC05599.jpg"", ""DSC05629.jpg"", ""DSC05644.jpg"", ""DSC05661.jpg"", ""DSC05666.jpg"", ""DSC05673.jpg"", ""DSC05697.jpg"", ""DSC05699.jpg"", ""DSC05707.jpg"", ""DSC05709.jpg"", ""DSC05723.jpg"", ""DSC05731.jpg"", ""DSC05732.jpg"", ""DSC05736.jpg"", ""DSC05751.jpg"", ""DSC05758.jpg"", ""DSC05771.jpg""]",20,21.14211029335252,0.7152988687157631,0.37695535719394685,20,results\method_outputs\db\playroom\3dgs_sparse\20views_random_seed0,
db/playroom,2,1,2views_random_seed1,evaluated,"[""DSC05609.jpg"", ""DSC05738.jpg""]",20,8.893605484282313,0.32198712658137085,0.6703950703144074,20,results\method_outputs\db\playroom\3dgs_sparse\2views_random_seed1,
db/playroom,3,1,3views_random_seed1,evaluated,"[""DSC05590.jpg"", ""DSC05643.jpg"", ""DSC05794.jpg""]",20,11.2510298803462,0.3918991587124765,0.6202578589320182,20,results\method_outputs\db\playroom\3dgs_sparse\3views_random_seed1,
db/playroom,5,1,5views_random_seed1,evaluated,"[""DSC05605.jpg"", ""DSC05702.jpg"", ""DSC05707.jpg"", ""DSC05714.jpg"", ""DSC05793.jpg""]",20,14.47538828879515,0.5469278424978257,0.5867751702666283,20,results\method_outputs\db\playroom\3dgs_sparse\5views_random_seed1,
db/playroom,8,1,8views_random_seed1,evaluated,"[""DSC05580.jpg"", ""DSC05598.jpg"", ""DSC05630.jpg"", ""DSC05681.jpg"", ""DSC05683.jpg"", ""DSC05712.jpg"", ""DSC05761.jpg"", ""DSC05801.jpg""]",20,15.773299254117934,0.5735791474580765,0.5017477884888649,20,results\method_outputs\db\playroom\3dgs_sparse\8views_random_seed1,
db/playroom,12,1,12views_random_seed1,evaluated,"[""DSC05572.jpg"", ""DSC05600.jpg"", ""DSC05636.jpg"", ""DSC05647.jpg"", ""DSC05696.jpg"", ""DSC05701.jpg"", ""DSC05745.jpg"", ""DSC05750.jpg"", ""DSC05775.jpg"", ""DSC05781.jpg"", ""DSC05794.jpg"", ""DSC05795.jpg""]",20,16.55656515189336,0.5870579972863197,0.47336922585964203,20,results\method_outputs\db\playroom\3dgs_sparse\12views_random_seed1,
db/playroom,20,1,20views_random_seed1,evaluated,"[""DSC05575.jpg"", ""DSC05578.jpg"", ""DSC05579.jpg"", ""DSC05580.jpg"", ""DSC05633.jpg"", ""DSC05634.jpg"", ""DSC05637.jpg"", ""DSC05662.jpg"", ""DSC05670.jpg"", ""DSC05681.jpg"", ""DSC05694.jpg"", ""DSC05698.jpg"", ""DSC05714.jpg"", ""DSC05725.jpg"", ""DSC05728.jpg"", ""DSC05732.jpg"", ""DSC05761.jpg"", ""DSC05771.jpg"", ""DSC05782.jpg"", ""DSC05794.jpg""]",20,21.060739532819788,0.714617183804512,0.3811008483171463,20,results\method_outputs\db\playroom\3dgs_sparse\20views_random_seed1,
db/playroom,2,2,2views_random_seed2,evaluated,"[""DSC05588.jpg"", ""DSC05597.jpg""]",20,11.216472468304996,0.4390285873785615,0.6126858100295067,20,results\method_outputs\db\playroom\3dgs_sparse\2views_random_seed2,
db/playroom,3,2,3views_random_seed2,evaluated,"[""DSC05595.jpg"", ""DSC05619.jpg"", ""DSC05675.jpg""]",20,5.539789294565578,0.1029201883051428,0.7531107932329177,20,results\method_outputs\db\playroom\3dgs_sparse\3views_random_seed2,
db/playroom,5,2,5views_random_seed2,evaluated,"[""DSC05642.jpg"", ""DSC05659.jpg"", ""DSC05750.jpg"", ""DSC05767.jpg"", ""DSC05785.jpg""]",20,14.44786434457067,0.5483380630612373,0.5637570321559906,20,results\method_outputs\db\playroom\3dgs_sparse\5views_random_seed2,
db/playroom,8,2,8views_random_seed2,evaluated,"[""DSC05582.jpg"", ""DSC05616.jpg"", ""DSC05631.jpg"", ""DSC05696.jpg"", ""DSC05742.jpg"", ""DSC05750.jpg"", ""DSC05758.jpg"", ""DSC05770.jpg""]",20,14.961267657360107,0.5859510332345963,0.5064508795738221,20,results\method_outputs\db\playroom\3dgs_sparse\8views_random_seed2,
db/playroom,12,2,12views_random_seed2,evaluated,"[""DSC05580.jpg"", ""DSC05582.jpg"", ""DSC05647.jpg"", ""DSC05676.jpg"", ""DSC05678.jpg"", ""DSC05684.jpg"", ""DSC05699.jpg"", ""DSC05706.jpg"", ""DSC05716.jpg"", ""DSC05718.jpg"", ""DSC05729.jpg"", ""DSC05782.jpg""]",20,16.64154556221332,0.5838878080248833,0.49688946902751924,20,results\method_outputs\db\playroom\3dgs_sparse\12views_random_seed2,
db/playroom,20,2,20views_random_seed2,evaluated,"[""DSC05579.jpg"", ""DSC05609.jpg"", ""DSC05618.jpg"", ""DSC05620.jpg"", ""DSC05622.jpg"", ""DSC05623.jpg"", ""DSC05637.jpg"", ""DSC05638.jpg"", ""DSC05662.jpg"", ""DSC05665.jpg"", ""DSC05675.jpg"", ""DSC05681.jpg"", ""DSC05694.jpg"", ""DSC05701.jpg"", ""DSC05718.jpg"", ""DSC05719.jpg"", ""DSC05724.jpg"", ""DSC05736.jpg"", ""DSC05768.jpg"", ""DSC05803.jpg""]",20,20.65369968839665,0.7128101617097855,0.3704565614461899,20,results\method_outputs\db\playroom\3dgs_sparse\20views_random_seed2,
db/playroom,2,3,2views_random_seed3,evaluated,"[""DSC05638.jpg"", ""DSC05745.jpg""]",20,6.861965489588014,0.2137162777595222,0.721791896224022,20,results\method_outputs\db\playroom\3dgs_sparse\2views_random_seed3,
db/playroom,3,3,3views_random_seed3,evaluated,"[""DSC05608.jpg"", ""DSC05677.jpg"", ""DSC05729.jpg""]",20,8.800228273337314,0.3459300043061376,0.6786363780498504,20,results\method_outputs\db\playroom\3dgs_sparse\3views_random_seed3,
db/playroom,5,3,5views_random_seed3,evaluated,"[""DSC05590.jpg"", ""DSC05708.jpg"", ""DSC05742.jpg"", ""DSC05749.jpg"", ""DSC05755.jpg""]",20,13.558973849821546,0.5026415631175041,0.6002858102321624,20,results\method_outputs\db\playroom\3dgs_sparse\5views_random_seed3,
db/playroom,8,3,8views_random_seed3,evaluated,"[""DSC05576.jpg"", ""DSC05626.jpg"", ""DSC05637.jpg"", ""DSC05644.jpg"", ""DSC05707.jpg"", ""DSC05732.jpg"", ""DSC05750.jpg"", ""DSC05780.jpg""]",20,16.712779409709317,0.6071872368454934,0.5020087942481041,20,results\method_outputs\db\playroom\3dgs_sparse\8views_random_seed3,
db/playroom,12,3,12views_random_seed3,evaluated,"[""DSC05614.jpg"", ""DSC05637.jpg"", ""DSC05683.jpg"", ""DSC05685.jpg"", ""DSC05707.jpg"", ""DSC05708.jpg"", ""DSC05723.jpg"", ""DSC05728.jpg"", ""DSC05731.jpg"", ""DSC05757.jpg"", ""DSC05758.jpg"", ""DSC05786.jpg""]",20,14.930591976160745,0.5423782035708428,0.5074106708168984,20,results\method_outputs\db\playroom\3dgs_sparse\12views_random_seed3,
db/playroom,20,3,20views_random_seed3,evaluated,"[""DSC05576.jpg"", ""DSC05580.jpg"", ""DSC05583.jpg"", ""DSC05590.jpg"", ""DSC05616.jpg"", ""DSC05647.jpg"", ""DSC05658.jpg"", ""DSC05683.jpg"", ""DSC05685.jpg"", ""DSC05695.jpg"", ""DSC05708.jpg"", ""DSC05745.jpg"", ""DSC05746.jpg"", ""DSC05767.jpg"", ""DSC05779.jpg"", ""DSC05781.jpg"", ""DSC05793.jpg"", ""DSC05798.jpg"", ""DSC05799.jpg"", ""DSC05801.jpg""]",20,20.043616323471184,0.7023009866476059,0.3926773577928543,20,results\method_outputs\db\playroom\3dgs_sparse\20views_random_seed3,
db/playroom,2,4,2views_random_seed4,evaluated,"[""DSC05638.jpg"", ""DSC05658.jpg""]",20,9.753075425416839,0.42210104689002037,0.7140736907720566,20,results\method_outputs\db\playroom\3dgs_sparse\2views_random_seed4,
db/playroom,3,4,3views_random_seed4,evaluated,"[""DSC05600.jpg"", ""DSC05685.jpg"", ""DSC05781.jpg""]",20,11.773906675542502,0.4120595548301935,0.6295767620205879,20,results\method_outputs\db\playroom\3dgs_sparse\3views_random_seed4,
db/playroom,5,4,5views_random_seed4,evaluated,"[""DSC05578.jpg"", ""DSC05591.jpg"", ""DSC05597.jpg"", ""DSC05615.jpg"", ""DSC05709.jpg""]",20,14.720407261964391,0.5217702694237232,0.5569578379392623,20,results\method_outputs\db\playroom\3dgs_sparse\5views_random_seed4,
db/playroom,8,4,8views_random_seed4,evaluated,"[""DSC05589.jpg"", ""DSC05634.jpg"", ""DSC05654.jpg"", ""DSC05686.jpg"", ""DSC05723.jpg"", ""DSC05731.jpg"", ""DSC05794.jpg"", ""DSC05805.jpg""]",20,15.831856476159885,0.5416870281100273,0.5520795121788978,20,results\method_outputs\db\playroom\3dgs_sparse\8views_random_seed4,
db/playroom,12,4,12views_random_seed4,evaluated,"[""DSC05579.jpg"", ""DSC05602.jpg"", ""DSC05620.jpg"", ""DSC05631.jpg"", ""DSC05644.jpg"", ""DSC05646.jpg"", ""DSC05649.jpg"", ""DSC05675.jpg"", ""DSC05727.jpg"", ""DSC05759.jpg"", ""DSC05799.jpg"", ""DSC05805.jpg""]",20,17.296484271742866,0.6187581419944763,0.4691248118877411,20,results\method_outputs\db\playroom\3dgs_sparse\12views_random_seed4,
db/playroom,20,4,20views_random_seed4,evaluated,"[""DSC05596.jpg"", ""DSC05618.jpg"", ""DSC05622.jpg"", ""DSC05626.jpg"", ""DSC05641.jpg"", ""DSC05648.jpg"", ""DSC05650.jpg"", ""DSC05654.jpg"", ""DSC05657.jpg"", ""DSC05660.jpg"", ""DSC05668.jpg"", ""DSC05678.jpg"", ""DSC05683.jpg"", ""DSC05708.jpg"", ""DSC05717.jpg"", ""DSC05731.jpg"", ""DSC05750.jpg"", ""DSC05755.jpg"", ""DSC05767.jpg"", ""DSC05784.jpg""]",20,19.509551890938596,0.6735099747776985,0.41322464421391486,20,results\method_outputs\db\playroom\3dgs_sparse\20views_random_seed4,
